Number,Color scheme,Color,Item,Gender,Image name,check,
22,1,blue,armchair,F,blue_armchair.jpg,blue_armchair.jpg,1
22,1,red,armchair,F,red_armchair.jpg,red_armchair.jpg,1
22,1,white,armchair,F,white_armchair.jpg,white_armchair.jpg,1
22,1,yellow,armchair,F,yellow_armchair.jpg,yellow_armchair.jpg,1
3,1,blue,balloon,M,blue_balloon.jpg,blue_balloon.jpg,1
3,1,red,balloon,M,red_balloon.jpg,red_balloon.jpg,1
3,1,white,balloon,M,white_balloon.jpg,white_balloon.jpg,1
3,1,yellow,balloon,M,yellow_balloon.jpg,yellow_balloon.jpg,1
20,1,blue,bed,M,blue_bed.jpg,blue_bed.jpg,1
20,1,red,bed,M,red_bed.jpg,red_bed.jpg,1
20,1,white,bed,M,white_bed.jpg,white_bed.jpg,1
20,1,yellow,bed,M,yellow_bed.jpg,yellow_bed.jpg,1
4,1,blue,belt,M,blue_belt.jpg,blue_belt.jpg,1
4,1,red,belt,M,red_belt.jpg,red_belt.jpg,1
4,1,white,belt,M,white_belt.jpg,white_belt.jpg,1
4,1,yellow,belt,M,yellow_belt.jpg,yellow_belt.jpg,1
5,1,blue,bike,M,blue_bike.jpg,blue_bike.jpg,1
5,1,red,bike,M,red_bike.jpg,red_bike.jpg,1
5,1,white,bike,M,white_bike.jpg,white_bike.jpg,1
5,1,yellow,bike,M,yellow_bike.jpg,yellow_bike.jpg,1
2,1,blue,billiardball,F,blue_billiardball.jpg,blue_billiardball.jpg,1
2,1,red,billiardball,F,red_billiardball.jpg,red_billiardball.jpg,1
2,1,white,billiardball,F,white_billiardball.jpg,white_billiardball.jpg,1
2,1,yellow,billiardball,F,yellow_billiardball.jpg,yellow_billiardball.jpg,1
3,1,blue,binder,F,blue_binder.jpg,blue_binder.jpg,1
3,1,red,binder,F,red_binder.jpg,red_binder.jpg,1
3,1,white,binder,F,white_binder.jpg,white_binder.jpg,1
3,1,yellow,binder,F,yellow_binder.jpg,yellow_binder.jpg,1
4,1,blue,book,F,blue_book.jpg,blue_book.jpg,1
4,1,red,book,F,red_book.jpg,red_book.jpg,1
4,1,white,book,F,white_book.jpg,white_book.jpg,1
4,1,yellow,book,F,yellow_book.jpg,yellow_book.jpg,1
5,1,blue,bracelet,F,blue_bracelet.jpg,blue_bracelet.jpg,1
5,1,red,bracelet,F,red_bracelet.jpg,red_bracelet.jpg,1
5,1,white,bracelet,F,white_bracelet.jpg,white_bracelet.jpg,1
5,1,yellow,bracelet,F,yellow_bracelet.jpg,yellow_bracelet.jpg,1
6,1,blue,bucket,F,blue_bucket.jpg,blue_bucket.jpg,1
6,1,red,bucket,F,red_bucket.jpg,red_bucket.jpg,1
6,1,white,bucket,F,white_bucket.jpg,white_bucket.jpg,1
6,1,yellow,bucket,F,yellow_bucket.jpg,yellow_bucket.jpg,1
6,1,blue,butterfly,M,blue_butterfly.jpg,blue_butterfly.jpg,1
6,1,red,butterfly,M,red_butterfly.jpg,red_butterfly.jpg,1
6,1,white,butterfly,M,white_butterfly.jpg,white_butterfly.jpg,1
6,1,yellow,butterfly,M,yellow_butterfly.jpg,yellow_butterfly.jpg,1
21,1,blue,calculator,M,blue_calculator.jpg,blue_calculator.jpg,1
21,1,red,calculator,M,red_calculator.jpg,red_calculator.jpg,1
21,1,white,calculator,M,white_calculator.jpg,white_calculator.jpg,1
21,1,yellow,calculator,M,yellow_calculator.jpg,yellow_calculator.jpg,1
7,1,blue,candle,F,blue_candle.jpg,blue_candle.jpg,1
7,1,red,candle,F,red_candle.jpg,red_candle.jpg,1
7,1,white,candle,F,white_candle.jpg,white_candle.jpg,1
7,1,yellow,candle,F,yellow_candle.jpg,yellow_candle.jpg,1
7,1,blue,cap,M,blue_cap.jpg,blue_cap.jpg,1
7,1,red,cap,M,red_cap.jpg,red_cap.jpg,1
7,1,white,cap,M,white_cap.jpg,white_cap.jpg,1
7,1,yellow,cap,M,yellow_cap.jpg,yellow_cap.jpg,1
8,1,blue,chair,F,blue_chair.jpg,blue_chair.jpg,1
8,1,red,chair,F,red_chair.jpg,red_chair.jpg,1
8,1,white,chair,F,white_chair.jpg,white_chair.jpg,1
8,1,yellow,chair,F,yellow_chair.jpg,yellow_chair.jpg,1
17,1,blue,clock,M,blue_clock.jpg,blue_clock.jpg,1
17,1,red,clock,M,red_clock.jpg,red_clock.jpg,1
17,1,white,clock,M,white_clock.jpg,white_clock.jpg,1
17,1,yellow,clock,M,yellow_clock.jpg,yellow_clock.jpg,1
8,1,blue,coathanger,M,blue_coathanger.jpg,blue_coathanger.jpg,1
8,1,red,coathanger,M,red_coathanger.jpg,red_coathanger.jpg,1
8,1,white,coathanger,M,white_coathanger.jpg,white_coathanger.jpg,1
8,1,yellow,coathanger,M,yellow_coathanger.jpg,yellow_coathanger.jpg,1
9,1,blue,comb,M,blue_comb.jpg,blue_comb.jpg,1
9,1,red,comb,M,red_comb.jpg,red_comb.jpg,1
9,1,white,comb,M,white_comb.jpg,white_comb.jpg,1
9,1,yellow,comb,M,yellow_comb.jpg,yellow_comb.jpg,1
51,1,blue,crown,F,blue_crown.jpg,blue_crown.jpg,1
51,1,red,crown,F,red_crown.jpg,red_crown.jpg,1
51,1,white,crown,F,white_crown.jpg,white_crown.jpg,1
51,1,yellow,crown,F,yellow_crown.jpg,yellow_crown.jpg,1
10,1,blue,cushion,M,blue_cushion.jpg,blue_cushion.jpg,1
10,1,red,cushion,M,red_cushion.jpg,red_cushion.jpg,1
10,1,white,cushion,M,white_cushion.jpg,white_cushion.jpg,1
10,1,yellow,cushion,M,yellow_cushion.jpg,yellow_cushion.jpg,1
17,1,blue,door,F,blue_door.jpg,blue_door.jpg,1
17,1,red,door,F,red_door.jpg,red_door.jpg,1
17,1,white,door,F,white_door.jpg,white_door.jpg,1
17,1,yellow,door,F,yellow_door.jpg,yellow_door.jpg,1
1,1,blue,dress,F,blue_dress.jpg,blue_dress.jpg,1
1,1,red,dress,F,red_dress.jpg,red_dress.jpg,1
1,1,white,dress,F,white_dress.jpg,white_dress.jpg,1
1,1,yellow,dress,F,yellow_dress.jpg,yellow_dress.jpg,1
1,1,blue,dustpan,M,blue_dustpan.jpg,blue_dustpan.jpg,1
1,1,red,dustpan,M,red_dustpan.jpg,red_dustpan.jpg,1
1,1,white,dustpan,M,white_dustpan.jpg,white_dustpan.jpg,1
1,1,yellow,dustpan,M,yellow_dustpan.jpg,yellow_dustpan.jpg,1
50,1,blue,fence,F,blue_fence.jpg,blue_fence.jpg,1
50,1,red,fence,F,red_fence.jpg,red_fence.jpg,1
50,1,white,fence,F,white_fence.jpg,white_fence.jpg,1
50,1,yellow,fence,F,yellow_fence.jpg,yellow_fence.jpg,1
11,1,blue,flower,M,blue_flower.jpg,blue_flower.jpg,1
11,1,red,flower,M,red_flower.jpg,red_flower.jpg,1
11,1,white,flower,M,white_flower.jpg,white_flower.jpg,1
11,1,yellow,flower,M,yellow_flower.jpg,yellow_flower.jpg,1
12,1,blue,frame,M,blue_frame.jpg,blue_frame.jpg,1
12,1,red,frame,M,red_frame.jpg,red_frame.jpg,1
12,1,white,frame,M,white_frame.jpg,white_frame.jpg,1
12,1,yellow,frame,M,yellow_frame.jpg,yellow_frame.jpg,1
18,1,blue,fryingpan,M,blue_fryingpan.jpg,blue_fryingpan.jpg,1
18,1,red,fryingpan,M,red_fryingpan.jpg,red_fryingpan.jpg,1
18,1,white,fryingpan,M,white_fryingpan.jpg,white_fryingpan.jpg,1
18,1,yellow,fryingpan,M,yellow_fryingpan.jpg,yellow_fryingpan.jpg,1
9,1,blue,guitar,F,blue_guitar.jpg,blue_guitar.jpg,1
9,1,red,guitar,F,red_guitar.jpg,red_guitar.jpg,1
9,1,white,guitar,F,white_guitar.jpg,white_guitar.jpg,1
9,1,yellow,guitar,F,yellow_guitar.jpg,yellow_guitar.jpg,1
21,1,blue,iron,F,blue_iron.jpg,blue_iron.jpg,1
21,1,red,iron,F,red_iron.jpg,red_iron.jpg,1
21,1,white,iron,F,white_iron.jpg,white_iron.jpg,1
21,1,yellow,iron,F,yellow_iron.jpg,yellow_iron.jpg,1
24,1,blue,key,M,blue_key.jpg,blue_key.jpg,1
24,1,red,key,M,red_key.jpg,red_key.jpg,1
24,1,white,key,M,white_key.jpg,white_key.jpg,1
24,1,yellow,key,M,yellow_key.jpg,yellow_key.jpg,1
24,1,blue,lamp,F,blue_lamp.jpg,blue_lamp.jpg,1
24,1,red,lamp,F,red_lamp.jpg,red_lamp.jpg,1
24,1,white,lamp,F,white_lamp.jpg,white_lamp.jpg,1
24,1,yellow,lamp,F,yellow_lamp.jpg,yellow_lamp.jpg,1
23,1,blue,magnifyingglass,F,blue_magnifyingglass.jpg,blue_magnifyingglass.jpg,1
23,1,red,magnifyingglass,F,red_magnifyingglass.jpg,red_magnifyingglass.jpg,1
23,1,white,magnifyingglass,F,white_magnifyingglass.jpg,white_magnifyingglass.jpg,1
23,1,yellow,magnifyingglass,F,yellow_magnifyingglass.jpg,yellow_magnifyingglass.jpg,1
18,1,blue,mask,F,blue_mask.jpg,blue_mask.jpg,1
18,1,red,mask,F,red_mask.jpg,red_mask.jpg,1
18,1,white,mask,F,white_mask.jpg,white_mask.jpg,1
18,1,yellow,mask,F,yellow_mask.jpg,yellow_mask.jpg,1
22,1,blue,mouse,M,blue_mouse.jpg,blue_mouse.jpg,1
22,1,red,mouse,M,red_mouse.jpg,red_mouse.jpg,1
22,1,white,mouse,M,white_mouse.jpg,white_mouse.jpg,1
22,1,yellow,mouse,M,yellow_mouse.jpg,yellow_mouse.jpg,1
10,1,blue,mug,F,blue_mug.jpg,blue_mug.jpg,1
10,1,red,mug,F,red_mug.jpg,red_mug.jpg,1
10,1,white,mug,F,white_mug.jpg,white_mug.jpg,1
10,1,yellow,mug,F,yellow_mug.jpg,yellow_mug.jpg,1
11,1,blue,napkin,F,blue_napkin.jpg,blue_napkin.jpg,1
11,1,red,napkin,F,red_napkin.jpg,red_napkin.jpg,1
11,1,white,napkin,F,white_napkin.jpg,white_napkin.jpg,1
11,1,yellow,napkin,F,yellow_napkin.jpg,yellow_napkin.jpg,1
15,1,blue,notebook,F,blue_notebook.jpg,blue_notebook.jpg,1
15,1,red,notebook,F,red_notebook.jpg,red_notebook.jpg,1
15,1,white,notebook,F,white_notebook.jpg,white_notebook.jpg,1
15,1,yellow,notebook,F,yellow_notebook.jpg,yellow_notebook.jpg,1
12,1,blue,ornament,F,blue_ornament.jpg,blue_ornament.jpg,1
12,1,red,ornament,F,red_ornament.jpg,red_ornament.jpg,1
12,1,white,ornament,F,white_ornament.jpg,white_ornament.jpg,1
12,1,yellow,ornament,F,yellow_ornament.jpg,yellow_ornament.jpg,1
20,1,blue,pencil,F,blue_pencil.jpg,blue_pencil.jpg,1
20,1,red,pencil,F,red_pencil.jpg,red_pencil.jpg,1
20,1,white,pencil,F,white_pencil.jpg,white_pencil.jpg,1
20,1,yellow,pencil,F,yellow_pencil.jpg,yellow_pencil.jpg,1
13,1,blue,phone,M,blue_phone.jpg,blue_phone.jpg,1
13,1,red,phone,M,red_phone.jpg,red_phone.jpg,1
13,1,white,phone,M,white_phone.jpg,white_phone.jpg,1
13,1,yellow,phone,M,yellow_phone.jpg,yellow_phone.jpg,1
19,1,blue,present,M,blue_present.jpg,blue_present.jpg,1
19,1,red,present,M,red_present.jpg,red_present.jpg,1
19,1,white,present,M,white_present.jpg,white_present.jpg,1
19,1,yellow,present,M,yellow_present.jpg,yellow_present.jpg,1
16,1,blue,ring,M,blue_ring.jpg,blue_ring.jpg,1
16,1,red,ring,M,red_ring.jpg,red_ring.jpg,1
16,1,white,ring,M,white_ring.jpg,white_ring.jpg,1
16,1,yellow,ring,M,yellow_ring.jpg,yellow_ring.jpg,1
14,1,blue,rug,M,blue_rug.jpg,blue_rug.jpg,1
14,1,red,rug,M,red_rug.jpg,red_rug.jpg,1
14,1,white,rug,M,white_rug.jpg,white_rug.jpg,1
14,1,yellow,rug,M,yellow_rug.jpg,yellow_rug.jpg,1
23,1,blue,ruler,M,blue_ruler.jpg,blue_ruler.jpg,1
23,1,red,ruler,M,red_ruler.jpg,red_ruler.jpg,1
23,1,white,ruler,M,white_ruler.jpg,white_ruler.jpg,1
23,1,yellow,ruler,M,yellow_ruler.jpg,yellow_ruler.jpg,1
15,1,blue,scarf,M,blue_scarf.jpg,blue_scarf.jpg,1
15,1,red,scarf,M,red_scarf.jpg,red_scarf.jpg,1
15,1,white,scarf,M,white_scarf.jpg,white_scarf.jpg,1
15,1,yellow,scarf,M,yellow_scarf.jpg,yellow_scarf.jpg,1
19,1,blue,shirt,F,blue_shirt.jpg,blue_shirt.jpg,1
19,1,red,shirt,F,red_shirt.jpg,red_shirt.jpg,1
19,1,white,shirt,F,white_shirt.jpg,white_shirt.jpg,1
19,1,yellow,shirt,F,yellow_shirt.jpg,yellow_shirt.jpg,1
13,1,blue,shoe,F,blue_shoe.jpg,blue_shoe.jpg,1
13,1,red,shoe,F,red_shoe.jpg,red_shoe.jpg,1
13,1,white,shoe,F,white_shoe.jpg,white_shoe.jpg,1
13,1,yellow,shoe,F,yellow_shoe.jpg,yellow_shoe.jpg,1
14,1,blue,stapler,F,blue_stapler.jpg,blue_stapler.jpg,1
14,1,red,stapler,F,red_stapler.jpg,red_stapler.jpg,1
14,1,white,stapler,F,white_stapler.jpg,white_stapler.jpg,1
14,1,yellow,stapler,F,yellow_stapler.jpg,yellow_stapler.jpg,1
50,1,blue,switch,M,blue_switch.jpg,blue_switch.jpg,1
50,1,red,switch,M,red_switch.jpg,red_switch.jpg,1
50,1,white,switch,M,white_switch.jpg,white_switch.jpg,1
50,1,yellow,switch,M,yellow_switch.jpg,yellow_switch.jpg,1
53,1,blue,sword,M,blue_sword.jpg,blue_sword.jpg,1
53,1,red,sword,M,red_sword.jpg,red_sword.jpg,1
53,1,white,sword,M,white_sword.jpg,white_sword.jpg,1
53,1,yellow,sword,M,yellow_sword.jpg,yellow_sword.jpg,1
25,1,blue,table,M,blue_table.jpg,blue_table.jpg,1
25,1,red,table,M,red_table.jpg,red_table.jpg,1
25,1,white,table,M,white_table.jpg,white_table.jpg,1
25,1,yellow,table,M,yellow_table.jpg,yellow_table.jpg,1
2,1,blue,wallet,M,blue_wallet.jpg,blue_wallet.jpg,1
2,1,red,wallet,M,red_wallet.jpg,red_wallet.jpg,1
2,1,white,wallet,M,white_wallet.jpg,white_wallet.jpg,1
2,1,yellow,wallet,M,yellow_wallet.jpg,yellow_wallet.jpg,1
16,1,blue,yarn,F,blue_yarn.jpg,blue_yarn.jpg,1
16,1,red,yarn,F,red_yarn.jpg,red_yarn.jpg,1
16,1,white,yarn,F,white_yarn.jpg,white_yarn.jpg,1
16,1,yellow,yarn,F,yellow_yarn.jpg,yellow_yarn.jpg,1
33,2,black,airplane,M,black_airplane.jpg,black_airplane.jpg,1
33,2,green,airplane,M,green_airplane.jpg,green_airplane.jpg,1
33,2,orange,airplane,M,orange_airplane.jpg,orange_airplane.jpg,1
33,2,purple,airplane,M,purple_airplane.jpg,purple_airplane.jpg,1
41,2,black,bandaid,M,black_bandaid.jpg,black_bandaid.jpg,1
41,2,green,bandaid,M,green_bandaid.jpg,green_bandaid.jpg,1
41,2,orange,bandaid,M,orange_bandaid.jpg,orange_bandaid.jpg,1
41,2,purple,bandaid,M,purple_bandaid.jpg,purple_bandaid.jpg,1
46,2,black,basket,F,black_basket.jpg,black_basket.jpg,1
46,2,green,basket,F,green_basket.jpg,green_basket.jpg,1
46,2,orange,basket,F,orange_basket.jpg,orange_basket.jpg,1
46,2,purple,basket,F,purple_basket.jpg,purple_basket.jpg,1
25,2,black,bench,F,black_bench.jpg,black_bench.jpg,1
25,2,green,bench,F,green_bench.jpg,green_bench.jpg,1
25,2,orange,bench,F,orange_bench.jpg,orange_bench.jpg,1
25,2,purple,bench,F,purple_bench.jpg,purple_bench.jpg,1
42,2,black,binoculars,M,black_binoculars.jpg,black_binoculars.jpg,1
42,2,green,binoculars,M,green_binoculars.jpg,green_binoculars.jpg,1
42,2,orange,binoculars,M,orange_binoculars.jpg,orange_binoculars.jpg,1
42,2,purple,binoculars,M,purple_binoculars.jpg,purple_binoculars.jpg,1
45,2,black,bonbon,F,black_bonbon.jpg,black_bonbon.jpg,1
45,2,green,bonbon,F,green_bonbon.jpg,green_bonbon.jpg,1
45,2,orange,bonbon,F,orange_bonbon.jpg,orange_bonbon.jpg,1
45,2,purple,bonbon,F,purple_bonbon.jpg,purple_bonbon.jpg,1
52,2,black,boot,F,black_boot.jpg,black_boot.jpg,1
52,2,green,boot,F,green_boot.jpg,green_boot.jpg,1
52,2,orange,boot,F,orange_boot.jpg,orange_boot.jpg,1
52,2,purple,boot,F,purple_boot.jpg,purple_boot.jpg,1
48,2,black,bowl,F,black_bowl.jpg,black_bowl.jpg,1
48,2,green,bowl,F,green_bowl.jpg,green_bowl.jpg,1
48,2,orange,bowl,F,orange_bowl.jpg,orange_bowl.jpg,1
48,2,purple,bowl,F,purple_bowl.jpg,purple_bowl.jpg,1
38,2,black,box,F,black_box.jpg,black_box.jpg,1
38,2,green,box,F,green_box.jpg,green_box.jpg,1
38,2,orange,box,F,orange_box.jpg,orange_box.jpg,1
38,2,purple,box,F,purple_box.jpg,purple_box.jpg,1
42,2,black,cake,F,black_cake.jpg,black_cake.jpg,1
42,2,green,cake,F,green_cake.jpg,green_cake.jpg,1
42,2,orange,cake,F,orange_cake.jpg,orange_cake.jpg,1
42,2,purple,cake,F,purple_cake.jpg,purple_cake.jpg,1
30,2,black,calendar,M,black_calendar.jpg,black_calendar.jpg,1
30,2,green,calendar,M,green_calendar.jpg,green_calendar.jpg,1
30,2,orange,calendar,M,orange_calendar.jpg,orange_calendar.jpg,1
30,2,purple,calendar,M,purple_calendar.jpg,purple_calendar.jpg,1
30,2,black,camera,F,black_camera.jpg,black_camera.jpg,1
30,2,green,camera,F,green_camera.jpg,green_camera.jpg,1
30,2,orange,camera,F,orange_camera.jpg,orange_camera.jpg,1
30,2,purple,camera,F,purple_camera.jpg,purple_camera.jpg,1
26,2,black,die,F,black_die.jpg,black_die.jpg,1
26,2,green,die,F,green_die.jpg,green_die.jpg,1
26,2,orange,die,F,orange_die.jpg,orange_die.jpg,1
26,2,purple,die,F,purple_die.jpg,purple_die.jpg,1
33,2,black,dresser,F,black_dresser.jpg,black_dresser.jpg,1
33,2,green,dresser,F,green_dresser.jpg,green_dresser.jpg,1
33,2,orange,dresser,F,orange_dresser.jpg,orange_dresser.jpg,1
33,2,purple,dresser,F,purple_dresser.jpg,purple_dresser.jpg,1
35,2,black,drum,M,black_drum.jpg,black_drum.jpg,1
35,2,green,drum,M,green_drum.jpg,green_drum.jpg,1
35,2,orange,drum,M,orange_drum.jpg,orange_drum.jpg,1
35,2,purple,drum,M,purple_drum.jpg,purple_drum.jpg,1
47,2,black,duck,F,black_duck.jpg,black_duck.jpg,1
47,2,green,duck,F,green_duck.jpg,green_duck.jpg,1
47,2,orange,duck,F,orange_duck.jpg,orange_duck.jpg,1
47,2,purple,duck,F,purple_duck.jpg,purple_duck.jpg,1
44,2,black,fish,F,black_fish.jpg,black_fish.jpg,1
44,2,green,fish,F,green_fish.jpg,green_fish.jpg,1
44,2,orange,fish,F,orange_fish.jpg,orange_fish.jpg,1
44,2,purple,fish,F,purple_fish.jpg,purple_fish.jpg,1
28,2,black,fork,F,black_fork.jpg,black_fork.jpg,1
28,2,green,fork,F,green_fork.jpg,green_fork.jpg,1
28,2,orange,fork,F,orange_fork.jpg,orange_fork.jpg,1
28,2,purple,fork,F,purple_fork.jpg,purple_fork.jpg,1
31,2,black,glove,F,black_glove.jpg,black_glove.jpg,1
31,2,green,glove,F,green_glove.jpg,green_glove.jpg,1
31,2,orange,glove,F,orange_glove.jpg,orange_glove.jpg,1
31,2,purple,glove,F,purple_glove.jpg,purple_glove.jpg,1
43,2,black,hammer,M,black_hammer.jpg,black_hammer.jpg,1
43,2,green,hammer,M,green_hammer.jpg,green_hammer.jpg,1
43,2,orange,hammer,M,orange_hammer.jpg,orange_hammer.jpg,1
43,2,purple,hammer,M,purple_hammer.jpg,purple_hammer.jpg,1
34,2,black,helicopter,M,black_helicopter.jpg,black_helicopter.jpg,1
34,2,green,helicopter,M,green_helicopter.jpg,green_helicopter.jpg,1
34,2,orange,helicopter,M,orange_helicopter.jpg,orange_helicopter.jpg,1
34,2,purple,helicopter,M,purple_helicopter.jpg,purple_helicopter.jpg,1
37,2,black,knife,M,black_knife.jpg,black_knife.jpg,1
37,2,green,knife,M,green_knife.jpg,green_knife.jpg,1
37,2,orange,knife,M,orange_knife.jpg,orange_knife.jpg,1
37,2,purple,knife,M,purple_knife.jpg,purple_knife.jpg,1
36,2,black,ladle,F,black_ladle.jpg,black_ladle.jpg,1
36,2,green,ladle,F,green_ladle.jpg,green_ladle.jpg,1
36,2,orange,ladle,F,orange_ladle.jpg,orange_ladle.jpg,1
36,2,purple,ladle,F,purple_ladle.jpg,purple_ladle.jpg,1
46,2,black,lipstick,M,black_lipstick.jpg,black_lipstick.jpg,1
46,2,green,lipstick,M,green_lipstick.jpg,green_lipstick.jpg,1
46,2,orange,lipstick,M,orange_lipstick.jpg,orange_lipstick.jpg,1
46,2,purple,lipstick,M,purple_lipstick.jpg,purple_lipstick.jpg,1
45,2,black,lock,M,black_lock.jpg,black_lock.jpg,1
45,2,green,lock,M,green_lock.jpg,green_lock.jpg,1
45,2,orange,lock,M,orange_lock.jpg,orange_lock.jpg,1
45,2,purple,lock,M,purple_lock.jpg,purple_lock.jpg,1
32,2,black,luggage,M,black_luggage.jpg,black_luggage.jpg,1
32,2,green,luggage,M,green_luggage.jpg,green_luggage.jpg,1
32,2,orange,luggage,M,orange_luggage.jpg,orange_luggage.jpg,1
32,2,purple,luggage,M,purple_luggage.jpg,purple_luggage.jpg,1
39,2,black,microscope,M,black_microscope.jpg,black_microscope.jpg,1
39,2,green,microscope,M,green_microscope.jpg,green_microscope.jpg,1
39,2,orange,microscope,M,orange_microscope.jpg,orange_microscope.jpg,1
39,2,purple,microscope,M,purple_microscope.jpg,purple_microscope.jpg,1
41,2,black,necklace,F,black_necklace.jpg,black_necklace.jpg,1
41,2,green,necklace,F,green_necklace.jpg,green_necklace.jpg,1
41,2,orange,necklace,F,orange_necklace.jpg,orange_necklace.jpg,1
41,2,purple,necklace,F,purple_necklace.jpg,purple_necklace.jpg,1
31,2,black,piano,M,black_piano.jpg,black_piano.jpg,1
31,2,green,piano,M,green_piano.jpg,green_piano.jpg,1
31,2,orange,piano,M,orange_piano.jpg,orange_piano.jpg,1
31,2,purple,piano,M,purple_piano.jpg,purple_piano.jpg,1
26,2,black,plate,M,black_plate.jpg,black_plate.jpg,1
26,2,green,plate,M,green_plate.jpg,green_plate.jpg,1
26,2,orange,plate,M,orange_plate.jpg,orange_plate.jpg,1
26,2,purple,plate,M,purple_plate.jpg,purple_plate.jpg,1
37,2,black,purse,F,black_purse.jpg,black_purse.jpg,1
37,2,green,purse,F,green_purse.jpg,green_purse.jpg,1
37,2,orange,purse,F,orange_purse.jpg,orange_purse.jpg,1
37,2,purple,purse,F,purple_purse.jpg,purple_purse.jpg,1
27,2,black,radio,M,black_radio.jpg,black_radio.jpg,1
27,2,green,radio,M,green_radio.jpg,green_radio.jpg,1
27,2,orange,radio,M,orange_radio.jpg,orange_radio.jpg,1
27,2,purple,radio,M,purple_radio.jpg,purple_radio.jpg,1
47,2,black,razor,M,black_razor.jpg,black_razor.jpg,1
47,2,green,razor,M,green_razor.jpg,green_razor.jpg,1
47,2,orange,razor,M,orange_razor.jpg,orange_razor.jpg,1
47,2,purple,razor,M,purple_razor.jpg,purple_razor.jpg,1
48,2,black,remote,M,black_remote.jpg,black_remote.jpg,1
48,2,green,remote,M,green_remote.jpg,green_remote.jpg,1
48,2,orange,remote,M,orange_remote.jpg,orange_remote.jpg,1
48,2,purple,remote,M,purple_remote.jpg,purple_remote.jpg,1
29,2,black,ribbon,F,black_ribbon.jpg,black_ribbon.jpg,1
29,2,green,ribbon,F,green_ribbon.jpg,green_ribbon.jpg,1
29,2,orange,ribbon,F,orange_ribbon.jpg,orange_ribbon.jpg,1
29,2,purple,ribbon,F,purple_ribbon.jpg,purple_ribbon.jpg,1
38,2,black,robot,M,black_robot.jpg,black_robot.jpg,1
38,2,green,robot,M,green_robot.jpg,green_robot.jpg,1
38,2,orange,robot,M,orange_robot.jpg,orange_robot.jpg,1
38,2,purple,robot,M,purple_robot.jpg,purple_robot.jpg,1
49,2,black,rope,M,black_rope.jpg,black_rope.jpg,1
49,2,green,rope,M,green_rope.jpg,green_rope.jpg,1
49,2,orange,rope,M,orange_rope.jpg,orange_rope.jpg,1
49,2,purple,rope,M,purple_rope.jpg,purple_rope.jpg,1
52,2,black,screwdriver,M,black_screwdriver.jpg,black_screwdriver.jpg,1
52,2,green,screwdriver,M,green_screwdriver.jpg,green_screwdriver.jpg,1
52,2,orange,screwdriver,M,orange_screwdriver.jpg,orange_screwdriver.jpg,1
52,2,purple,screwdriver,M,purple_screwdriver.jpg,purple_screwdriver.jpg,1
43,2,black,shell,F,black_shell.jpg,black_shell.jpg,1
43,2,green,shell,F,green_shell.jpg,green_shell.jpg,1
43,2,orange,shell,F,orange_shell.jpg,orange_shell.jpg,1
43,2,purple,shell,F,purple_shell.jpg,purple_shell.jpg,1
40,2,black,shield,M,black_shield.jpg,black_shield.jpg,1
40,2,green,shield,M,green_shield.jpg,green_shield.jpg,1
40,2,orange,shield,M,orange_shield.jpg,orange_shield.jpg,1
40,2,purple,shield,M,purple_shield.jpg,purple_shield.jpg,1
32,2,black,shovel,F,black_shovel.jpg,black_shovel.jpg,1
32,2,green,shovel,F,green_shovel.jpg,green_shovel.jpg,1
32,2,orange,shovel,F,orange_shovel.jpg,orange_shovel.jpg,1
32,2,purple,shovel,F,purple_shovel.jpg,purple_shovel.jpg,1
34,2,black,slipper,F,black_slipper.jpg,black_slipper.jpg,1
34,2,green,slipper,F,green_slipper.jpg,green_slipper.jpg,1
34,2,orange,slipper,F,orange_slipper.jpg,orange_slipper.jpg,1
34,2,purple,slipper,F,purple_slipper.jpg,purple_slipper.jpg,1
39,2,black,sock,F,black_sock.jpg,black_sock.jpg,1
39,2,green,sock,F,green_sock.jpg,green_sock.jpg,1
39,2,orange,sock,F,orange_sock.jpg,orange_sock.jpg,1
39,2,purple,sock,F,purple_sock.jpg,purple_sock.jpg,1
51,2,black,sponge,M,black_sponge.jpg,black_sponge.jpg,1
51,2,green,sponge,M,green_sponge.jpg,green_sponge.jpg,1
51,2,orange,sponge,M,orange_sponge.jpg,orange_sponge.jpg,1
51,2,purple,sponge,M,purple_sponge.jpg,purple_sponge.jpg,1
27,2,black,spoon,F,black_spoon.jpg,black_spoon.jpg,1
27,2,green,spoon,F,green_spoon.jpg,green_spoon.jpg,1
27,2,orange,spoon,F,orange_spoon.jpg,orange_spoon.jpg,1
27,2,purple,spoon,F,purple_spoon.jpg,purple_spoon.jpg,1
44,2,black,tent,M,black_tent.jpg,black_tent.jpg,1
44,2,green,tent,M,green_tent.jpg,green_tent.jpg,1
44,2,orange,tent,M,orange_tent.jpg,orange_tent.jpg,1
44,2,purple,tent,M,purple_tent.jpg,purple_tent.jpg,1
40,2,black,tie,F,black_tie.jpg,black_tie.jpg,1
40,2,green,tie,F,green_tie.jpg,green_tie.jpg,1
40,2,orange,tie,F,orange_tie.jpg,orange_tie.jpg,1
40,2,purple,tie,F,purple_tie.jpg,purple_tie.jpg,1
28,2,black,truck,M,black_truck.jpg,black_truck.jpg,1
28,2,green,truck,M,green_truck.jpg,green_truck.jpg,1
28,2,orange,truck,M,orange_truck.jpg,orange_truck.jpg,1
28,2,purple,truck,M,purple_truck.jpg,purple_truck.jpg,1
29,2,black,TV,M,black_TV.jpg,black_tv.jpg,1
29,2,green,TV,M,green_TV.jpg,green_tv.jpg,1
29,2,orange,TV,M,orange_TV.jpg,orange_tv.jpg,1
29,2,purple,TV,M,purple_TV.jpg,purple_tv.jpg,1
36,2,black,umbrella,M,black_umbrella.jpg,black_umbrella.jpg,1
36,2,green,umbrella,M,green_umbrella.jpg,green_umbrella.jpg,1
36,2,orange,umbrella,M,orange_umbrella.jpg,orange_umbrella.jpg,1
36,2,purple,umbrella,M,purple_umbrella.jpg,purple_umbrella.jpg,1
35,2,black,vase,F,black_vase.jpg,black_vase.jpg,1
35,2,green,vase,F,green_vase.jpg,green_vase.jpg,1
35,2,orange,vase,F,orange_vase.jpg,orange_vase.jpg,1
35,2,purple,vase,F,purple_vase.jpg,purple_vase.jpg,1
49,2,black,whistle,F,black_whistle.jpg,black_whistle.jpg,1
49,2,green,whistle,F,green_whistle.jpg,green_whistle.jpg,1
49,2,orange,whistle,F,orange_whistle.jpg,orange_whistle.jpg,1
49,2,purple,whistle,F,purple_whistle.jpg,purple_whistle.jpg,1