"","gameid","roundNum","condition","targetName","gloss","pos_sequence","mouthing","pointing","notes","language","attempt","pos"
"1","4870-6",6,"size_sufficient","button_small_blue","four number white spot has circle two number blue stripe has, button, small, smallest","?",NA,NA,NA,"Turkish","attempt1","?"
"2","4870-6",14,"size_sufficient","apple_big_red","biggest red apple","size color noun",NA,NA,NA,"Turkish","attempt1","size color noun"
"3","4870-6",15,"size_sufficient","ball_big_purple","biggest purple baloon","size color noun",NA,NA,NA,"Turkish","attempt1","size color noun"
"4","4870-6",18,"size_sufficient","glove_small_green","smallest green glove","size color noun",NA,NA,NA,"Turkish","attempt1","size color noun"
"5","4870-6",20,"color_sufficient","tie_big_red","red tie","color noun",NA,NA,NA,"Turkish","attempt1","color noun"
"6","4870-6",21,"size_sufficient","knife_big_red","biggest red knife","size color noun",NA,NA,NA,"Turkish","attempt1","size color noun"
"7","4870-6",22,"size_sufficient","brush_big_blue","biggest brush, blue brush","size noun, color noun",NA,NA,NA,"Turkish","attempt1","size noun"
"8","4870-6",23,"size_sufficient","bag_big_blue","biggest blue bag","size color noun",NA,NA,NA,"Turkish","attempt1","size color noun"
"9","4870-6",24,"color_sufficient","pants_big_green","green pants","color noun",NA,NA,NA,"Turkish","attempt1","color noun"
"10","4870-6",25,"size_sufficient","clock_small_purple","smallest clock purple","size noun color",NA,NA,NA,"Turkish","attempt1","size noun color"
"11","4870-6",27,"color_sufficient","pepper_small_red","red pepper","color noun",NA,NA,NA,"Turkish","attempt1","color noun"
"12","4870-6",29,"color_sufficient","toothbrush_big_purple","purple brush","color noun",NA,NA,NA,"Turkish","attempt1","color noun"
"13","4870-6",30,"color_sufficient","lipstick_big_pink","red lipstick, light red","color2 noun, mod2 color2",NA,NA,NA,"Turkish","attempt1","color2 noun"
"14","4870-6",32,"color_sufficient","lighter_big_black","black lighter","color noun",NA,NA,NA,"Turkish","attempt1","color noun"
"15","4870-6",35,"size_sufficient","chair_big_yellow","biggest chair","size color",NA,NA,NA,"Turkish","attempt1","size color"
"16","4870-6",36,"color_sufficient","tshirt_big_orange","red tshirt","color noun",NA,NA,NA,"Turkish","attempt1","color noun"
"17","4870-6",37,"color_sufficient","show_small_yellow","yellow shoe","color noun",NA,NA,NA,"Turkish","attempt1","color noun"
"18","4870-6",38,"size_sufficient","key_small_gold","smallest key","size noun",NA,NA,NA,"Turkish","attempt1","size noun"
"19","4870-6",39,"size_sufficient","flower_big_pink","biggest red flower","size color noun",NA,NA,NA,"Turkish","attempt1","size color noun"
"20","4870-6",41,"color_sufficient","skirt_big_blue","pink skirt, blue skirt","color2 noun, color noun",NA,NA,NA,"Turkish","attempt1","color2 noun"
"21","4870-6",44,"size_sufficient","glasses_small_blue","smallest glasses","size noun",NA,NA,NA,"Turkish","attempt1","size noun"
"22","4870-6",45,"size_sufficient","balloon_big_pink","biggest red baloon","size color noun",NA,NA,NA,"Turkish","attempt1","size color noun"
"23","4870-6",47,"color_sufficient","lock_small_gold","yellow key, lock","color noun2, noun",NA,NA,NA,"Turkish","attempt1","color noun2"
"24","4870-6",49,"color_sufficient","umbrella_small_blue","blue umbrella","color noun",NA,NA,NA,"Turkish","attempt1","color noun"
"25","4870-6",50,"color_sufficient","scissors_big_blue","blue scissors","color noun",NA,NA,NA,"Turkish","attempt1","color noun"
"26","4870-6",51,"size_sufficient","dress_big_blue","big blue skirt, dress","size color noun2, noun",NA,NA,NA,"Turkish","attempt1","size color noun2"
"27","4870-6",54,"size_sufficient","cat_big_black","biggest cat","size noun",NA,NA,NA,"Turkish","attempt1","size noun"
"28","4870-6",55,"color_sufficient","socks_big_blue","blue boots, socks","color noun2, noun",NA,NA,NA,"Turkish","attempt1","color noun2"
"29","4870-6",59,"size_sufficient","car_small_blue","smallest blue taxi","size color noun",NA,NA,NA,"Turkish","attempt1","size color noun"
"30","4870-6",60,"color_sufficient","pot_small_blue","with-lid pot smallest blue","noun2 noun size color",NA,NA,NA,"Turkish","attempt1","noun2 noun size color"
"31","0031-a",6,"size_sufficient","dress_small_green","dress, small dress, smallest, green","noun, size noun, size, color",NA,NA,NA,"Turkish","attempt1","noun"
"32","0031-a",7,"size_sufficient","apple_small_green","smallest apple, green apple","size noun, color noun",NA,NA,NA,"Turkish","attempt1","size noun"
"33","0031-a",11,"color_sufficient","pepper_big_red","red to-stuff pepper","color mod2 noun",NA,NA,"kirmizi dolmalik biber","Turkish","attempt1","color mod2 noun"
"34","0031-a",12,"size_sufficient","glasses_big_red","biggest framed glasses","size mod2 noun",NA,NA,NA,"Turkish","attempt1","size mod2 noun"
"35","0031-a",13,"size_sufficient","ball_small_yellow","smallest, is this an egg, smallest egg yellow","size, noun2, size noun2 color",NA,NA,NA,"Turkish","attempt1","size"
"36","0031-a",15,"color_sufficient","lighter_small_white","white lighter","color noun",NA,NA,NA,"Turkish","attempt1","color noun"
"37","0031-a",17,"color_sufficient","pot_big_green","green pot with-handle","color noun mod2",NA,NA,NA,"Turkish","attempt1","color noun mod2"
"38","0031-a",18,"size_sufficient","button_big_blue","biggest ?, or button i-donâ€™t-know","size noun2, noun",NA,NA,NA,"Turkish","attempt1","size noun2"
"39","0031-a",19,"size_sufficient","clock_small_purple","clock, smallest clock, smallest clock, blue one","noun, size noun, size noun, color noun2",NA,NA,NA,"Turkish","attempt1","noun"
"40","0031-a",20,"size_sufficient","knife_small_red","smallest knife","size noun",NA,NA,NA,"Turkish","attempt1","size noun"
"41","0031-a",21,"color_sufficient","tie_small_red","red mm-what-was-it tie","color noun2 noun",NA,NA,NA,"Turkish","attempt1","color noun2 noun"
"42","0031-a",22,"color_sufficient","umbrella_big_blue","blue umbrella","color noun",NA,NA,NA,"Turkish","attempt1","color noun"
"43","0031-a",26,"color_sufficient","tshirt_big_yellow","yellow tshirt","color noun",NA,NA,NA,"Turkish","attempt1","color noun"
"44","0031-a",27,"size_sufficient","brush_big_red","biggest paint-brush","size noun",NA,NA,NA,"Turkish","attempt1","size noun"
"45","0031-a",29,"color_sufficient","skirt_small_green","green skirt","color noun",NA,NA,NA,"Turkish","attempt1","color noun"
"46","0031-a",30,"color_sufficient","socks_big_blue","blue socks, socks right","color noun, noun",NA,NA,NA,"Turkish","attempt1","color noun"
"47","0031-a",31,"color_sufficient","scissors_small_green","green scissors","color noun",NA,NA,NA,"Turkish","attempt1","color noun"
"48","0031-a",32,"size_sufficient","glove_small_orange","smallest red gloves","size color noun",NA,NA,NA,"Turkish","attempt1","size color noun"
"49","0031-a",33,"color_sufficient","lock_small_gold","yellow lock","color noun",NA,NA,NA,"Turkish","attempt1","color noun"
"50","0031-a",35,"color_sufficient","shoe_big_yellow","yellow shoe man shoe","color noun mod2 noun",NA,NA,NA,"Turkish","attempt1","color noun mod2 noun"
"51","0031-a",39,"size_sufficient","flower_small_pink","smallest red flower","size color noun",NA,NA,NA,"Turkish","attempt1","size color noun"
"52","0031-a",45,"size_sufficient","bag_small_blue","blue small bag","color size noun",NA,NA,NA,"Turkish","attempt1","color size noun"
"53","0031-a",46,"color_sufficient","lipstick_big_red","red lipstick, no red i-mean that pink little light red not but other red, weird red","color noun, neg color noun2 color2 mod2 color2 neg mod3 color, mod4 color",NA,NA,"kirmizi ruj kirmizi, hayir kirmizi derken o pembe biraz acik kirmizi degil de obur kirmizi, degisik kirmizi","Turkish","attempt1","color noun"
"54","0031-a",47,"color_sufficient","toothbrush_big_green","green toothbrush","color noun",NA,NA,NA,"Turkish","attempt1","color noun"
"55","0031-a",48,"size_sufficient","car_small_green","small green car","size color noun",NA,NA,NA,"Turkish","attempt1","size color noun"
"56","0031-a",49,"size_sufficient","baloon_small_yellow","smallest yellow balloon","size color noun",NA,NA,NA,"Turkish","attempt1","size color noun"
"57","0031-a",52,"size_sufficient","chair_small_blue","small smallest blue chair","size size color noun",NA,NA,NA,"Turkish","attempt1","size size color noun"
"58","0031-a",53,"size_sufficient","key_small_silver","smallest gray key","size color noun",NA,NA,NA,"Turkish","attempt1","size color noun"
"59","0031-a",55,"color_sufficient","pants_small_pink","pink pants","color noun",NA,NA,NA,"Turkish","attempt1","color noun"
"60","0031-a",58,"size_sufficient","cat_big_black","biggest black cat","size color noun",NA,NA,NA,"Turkish","attempt1","size color noun"
"61","9173-1",7,"color_sufficient","scissors_small_green","tshirt scissors scissors ?, small scissors red not red, color, point(green)","noun2 noun noun ?, size noun color2 neg color2, COLOR, color",NA,"1","check order of color and negation again","CTSL","attempt1","noun2 noun noun ?"
"62","9173-1",8,"size_sufficient","balloon_big_pink","baloon point(pink) big, big","noun color size, size",NA,"1",NA,"CTSL","attempt1","noun color size"
"63","9173-1",13,"color_sufficient","pepper_big_green","pepper hot pepper hot point(green)","noun mod2 noun mod2 color",NA,"1",NA,"CTSL","attempt1","noun mod2 noun mod2 color"
"64","9173-1",14,"size_sufficient","dress_small_blue","dress small point(blue) small, small","noun size color size, size",NA,"1",NA,"CTSL","attempt1","noun size color size"
"65","9173-1",15,"color_sufficient","shoe_big_yellow","shoe big point(yellow)","noun size color",NA,"1",NA,"CTSL","attempt1","noun size color"
"66","9173-1",16,"size_sufficient","bag_small_blue","point(blue) pencil bag small point(blue)","color noun2 noun size color",NA,"1",NA,"CTSL","attempt1","color noun2 noun size color"
"67","9173-1",18,"color_sufficient","toothbrush_big_green","toothbrush point(green) toothbrush","noun color noun",NA,"1",NA,"CTSL","attempt1","noun color noun"
"68","9173-1",20,"color_sufficient","tie_big_blue","point(blue) tie striped tie","color noun mod2 noun",NA,"1",NA,"CTSL","attempt1","color noun mod2 noun"
"69","9173-1",22,"size_sufficient","key_big_silver","key small key small, point(color) big","noun size2 noun size2, color size",NA,"1","does he sign small or big?","CTSL","attempt1","noun size2 noun size2"
"70","9173-1",25,"color_sufficient","pants_small_pink","point(pink) pants","color noun",NA,"1",NA,"CTSL","attempt1","color noun"
"71","9173-1",27,"color_sufficient","skirt_big_blue","point(blue) skirt","color noun",NA,"1",NA,"CTSL","attempt1","color noun"
"72","9173-1",28,"size_sufficient","flower_big_yellow","flower point(yellow) flower big flower big","noun color noun size noun size",NA,"1",NA,"CTSL","attempt1","noun color noun size noun size"
"73","9173-1",30,"size_sufficient","button_big_green","point(button) point(green) big point(button) big point(green)","noun color size noun size color",NA,"1",NA,"CTSL","attempt1","noun color size noun size color"
"74","9173-1",33,"size_sufficient","glove_small_orange","point(red) glove small","color noun size",NA,"1",NA,"CTSL","attempt1","color noun size"
"75","9173-1",36,"size_sufficient","glasses_small_blue","point(blue) glasses small","color noun size",NA,"1",NA,"CTSL","attempt1","color noun size"
"76","9173-1",37,"size_sufficient","apple_big_green","apple point(green) apple apple, point(screen) big","noun color noun noun, loc size",NA,"1",NA,"CTSL","attempt1","noun color noun noun"
"77","9173-1",38,"color_sufficient","pot_big_green","point(green) flame pot","color noun2 noun",NA,"1",NA,"CTSL","attempt1","color noun2 noun"
"78","9173-1",39,"size_sufficient","clock_big_purple","clock big point(purple) big clock big","noun size color size noun size",NA,"1",NA,"CTSL","attempt1","noun size color size noun size"
"79","9173-1",40,"color_sufficient","umbrella_big_blue","point(blue) rain umbrella","color noun2 noun",NA,"1",NA,"CTSL","attempt1","color noun2 noun"
"80","9173-1",41,"size_sufficient","cat_small_black","cat point(blue) small","noun color size",NA,"1",NA,"CTSL","attempt1","noun color size"
"81","9173-1",42,"size_sufficient","car_big_green","car point(green) big big","noun color size size",NA,"1",NA,"CTSL","attempt1","noun color size size"
"82","9173-1",45,"color_sufficient","lighter_small_white","lighter cigarette lighter small point(white) small","noun noun2 noun size color size",NA,"1",NA,"CTSL","attempt1","noun noun2 noun size color size"
"83","9173-1",47,"color_sufficient","socks_small_green","socks point(green) small","noun color size",NA,"1",NA,"CTSL","attempt1","noun color size"
"84","9173-1",49,"size_sufficient","brush_big_red","point(blue) brush big","color noun size",NA,"1",NA,"CTSL","attempt1","color noun size"
"85","9173-1",54,"size_sufficient","chair_big_yellow","point(yellow) sit big, big big","color verb2 size, size size",NA,"1",NA,"CTSL","attempt1","color verb2 size"
"86","9173-1",55,"size_sufficient","ball_big_yellow","point(yellow) ball, big","color noun, size",NA,"1",NA,"CTSL","attempt1","color noun"
"87","9173-1",59,"color_sufficient","lock_big_gold","point(yellow) lock lock","color noun noun",NA,"1",NA,"CTSL","attempt1","color noun noun"
"88","9173-1",60,"size_sufficient","knife_small_blue","point(blue) knife small small","color noun size size",NA,"1",NA,"CTSL","attempt1","color noun size size"
"89","5101-0",7,"color_sufficient","umbrella_small_blue","umbrella blue","noun color",NA,NA,NA,"Turkish","attempt1","noun color"
"90","5101-0",11,"size_sufficient","apple_big_green","green apple, big","color noun, size",NA,NA,NA,"Turkish","attempt1","color noun"
"91","5101-0",12,"size_sufficient","balloon_big_yellow","yellow baloon big","color noun size",NA,NA,NA,"Turkish","attempt1","color noun size"
"92","5101-0",13,"color_sufficient","tshirt_big_yellow","yellow tshirt","color noun",NA,NA,NA,"Turkish","attempt1","color noun"
"93","5101-0",15,"color_sufficient","tie_big_blue","blue tie","color noun",NA,NA,NA,"Turkish","attempt1","color noun"
"94","5101-0",17,"size_sufficient","brush_big_blue","blue brush, big","color noun, size",NA,NA,NA,"Turkish","attempt1","color noun"
"95","5101-0",18,"size_sufficient","car_big_green","green, big","color, size",NA,NA,NA,"Turkish","attempt1","color"
"96","5101-0",21,"color_sufficient","socks_small_blue","blue socks small","color noun size",NA,NA,NA,"Turkish","attempt1","color noun size"
"97","5101-0",22,"color_sufficient","toothbrush_big_green","green brush","color noun",NA,NA,NA,"Turkish","attempt1","color noun"
"98","5101-0",23,"size_sufficient","flower_small_yellow","yellow flower, small","color noun, size",NA,NA,NA,"Turkish","attempt1","color noun"
"99","5101-0",26,"size_sufficient","cat_small_white","white cat small","color noun size",NA,NA,NA,"Turkish","attempt1","color noun size"
"100","5101-0",30,"color_sufficient","scissors_big_green","green, green scissors","color, color noun",NA,NA,NA,"Turkish","attempt1","color"
"101","5101-0",31,"size_sufficient","glove_big_green","glove big green","noun size color",NA,NA,NA,"Turkish","attempt1","noun size color"
"102","5101-0",32,"size_sufficient","chair_big_yellow","yellow chair big","color noun size",NA,NA,NA,"Turkish","attempt1","color noun size"
"103","5101-0",33,"size_sufficient","clock_small_purple","purple small","color size",NA,NA,NA,"Turkish","attempt1","color size"
"104","5101-0",34,"color_sufficient","lock_small_gold","yellow lock","color noun",NA,NA,NA,"Turkish","attempt1","color noun"
"105","5101-0",35,"size_sufficient","dress_big_blue","blue dress big","color noun size",NA,NA,NA,"Turkish","attempt1","color noun size"
"106","5101-0",36,"color_sufficient","lighter_small_white","white lighter","color noun",NA,NA,NA,"Turkish","attempt1","color noun"
"107","5101-0",38,"color_sufficient","lipstick_small_red","red lipstick small","color noun size",NA,NA,NA,"Turkish","attempt1","color noun size"
"108","5101-0",40,"color_sufficient","shoe_small_pink","pink","color",NA,NA,NA,"Turkish","attempt1","color"
"109","5101-0",41,"size_sufficient","bag_big_red","red bag big, big","color noun size, size",NA,NA,NA,"Turkish","attempt1","color noun size"
"110","5101-0",47,"color_sufficient","pants_small_green","green pants","color noun",NA,NA,NA,"Turkish","attempt1","color noun"
"111","5101-0",48,"color_sufficient","skirt_small_blue","blue dress","color noun",NA,NA,NA,"Turkish","attempt1","color noun"
"112","5101-0",49,"size_sufficient","key_small_silver","key small","noun size",NA,NA,NA,"Turkish","attempt1","noun size"
"113","5101-0",50,"size_sufficient","knife_big_red","red knife, big","color noun, size",NA,NA,NA,"Turkish","attempt1","color noun"
"114","5101-0",53,"size_sufficient","glasses_big_blue","blue glasses big","color noun size",NA,NA,NA,"Turkish","attempt1","color noun size"
"115","5101-0",54,"color_sufficient","pot_small_blue","blue pot small","color noun size",NA,NA,NA,"Turkish","attempt1","color noun size"
"116","5101-0",56,"color_sufficient","pepper_big_green","green peppers","color noun",NA,NA,NA,"Turkish","attempt1","color noun"
"117","5101-0",58,"size_sufficient","ball_big_yellow","big yellow ball","size color noun",NA,NA,NA,"Turkish","attempt1","size color noun"
"118","5101-0",60,"size_sufficient","button_big_blue","button, blue, big","noun, color, size",NA,NA,NA,"Turkish","attempt1","noun"
"119","0881-8",6,"color_sufficient","lock_big_gold","lock lock big lock big lock big lock, door fit lock color point(color), point(yellow)","noun noun size noun size noun size noun, noun2 verb2 noun COLOR color, color",NA,"1",NA,"CTSL","attempt1","noun noun size noun size noun size noun"
"120","0881-8",7,"size_sufficient","cat_big_white","point(brown) big, bite","color size, verb2",NA,"1",NA,"CTSL","attempt1","color size"
"121","0881-8",11,"color_sufficient","lighter_small_black","lighter point(black) lighter","noun color noun",NA,"1",NA,"CTSL","attempt1","noun color noun"
"122","0881-8",12,"color_sufficient","tshirt_small_yellow","tshirt tshirt small point(yellow)","noun noun size color",NA,"1",NA,"CTSL","attempt1","noun noun size color"
"123","0881-8",14,"size_sufficient","apple_big_green","apple big apple big color point(green)","noun size noun size COLOR color",NA,NA,NA,"CTSL","attempt1","noun size noun size COLOR color"
"124","0881-8",16,"color_sufficient","socks_big_green","socks point(green)","noun color",NA,"1",NA,"CTSL","attempt1","noun color"
"125","0881-8",18,"size_sufficient","knife_big_red","knife, knife big point(red)","noun, noun size color",NA,"1",NA,"CTSL","attempt1","noun"
"126","0881-8",22,"size_sufficient","chair_big_blue","point(chair) sit point(blue) point(blue) big","noun verb2 color color size",NA,"1",NA,"CTSL","attempt1","noun verb2 color color size"
"127","0881-8",23,"size_sufficient","glasses_big_blue","glasses big glasses glasses point(blue)","noun size noun, noun color",NA,"1",NA,"CTSL","attempt1","noun size noun"
"128","0881-8",24,"size_sufficient","glove_big_orange","gloves point(orange), big gloves","noun color, size noun",NA,"1",NA,"CTSL","attempt1","noun color"
"129","0881-8",27,"color_sufficient","toothbrush_big_purple","toothbrush point(purple)","noun color",NA,"1",NA,"CTSL","attempt1","noun color"
"130","0881-8",30,"size_sufficient","flower_small_yellow","flower small point(yellow) small","noun size color size",NA,"1","does she sign small","CTSL","attempt1","noun size color size"
"131","0881-8",31,"color_sufficient","scissors_small_green","scissors point(green)","noun color",NA,"1",NA,"CTSL","attempt1","noun color"
"132","0881-8",32,"color_sufficient","pepper_big_green","pepper point(green)","noun color",NA,"1",NA,"CTSL","attempt1","noun color"
"133","0881-8",35,"size_sufficient","baloon_small_pink","baloon ballon small","noun noun size",NA,NA,NA,"CTSL","attempt1","noun noun size"
"134","0881-8",37,"color_sufficient","pot_big_green","pot flames point(green)","noun noun2 color",NA,"1",NA,"CTSL","attempt1","noun noun2 color"
"135","0881-8",43,"size_sufficient","dress_big_green","dress big point(green)","noun size color",NA,"1",NA,"CTSL","attempt1","noun size color"
"136","0881-8",44,"color_sufficient","umbrella_small_blue","umbrella umbrella small umbrella small point(screen) point(blue)","noun noun size noun size loc color",NA,"1",NA,"CTSL","attempt1","noun noun size noun size loc color"
"137","0881-8",46,"color_sufficient","pants_small_pink","pants small pants point(pink)","noun size noun color",NA,"1",NA,"CTSL","attempt1","noun size noun color"
"138","0881-8",47,"color_sufficient","tie_small_red","tie point(red)","noun color",NA,"1",NA,"CTSL","attempt1","noun color"
"139","0881-8",52,"size_sufficient","brush_small_blue","brush small brush","noun size noun",NA,NA,NA,"CTSL","attempt1","noun size noun"
"140","0881-8",53,"size_sufficient","button_small_green","? point(green), circle","? color, noun2",NA,"1","what does she sign before pointing","CTSL","attempt1","? color"
"141","0881-8",54,"color_sufficient","shoe_big_yellow","shoe point(yellow)","noun color",NA,"1",NA,"CTSL","attempt1","noun color"
"142","0881-8",57,"size_sufficient","car_big_green","car point(green) big, big","noun color size, size",NA,"1",NA,"CTSL","attempt1","noun color size"
"143","0881-8",58,"color_sufficient","lipstick_big_pink","lipstick point(pink)","noun color",NA,"1",NA,"CTSL","attempt1","noun color"
"144","0881-8",59,"size_sufficient","ball_big_purple","ball ball point(purple)","noun noun color",NA,"1","doesn't sign big?","CTSL","attempt1","noun noun color"
"145","2062-e",10,"size_sufficient","brush_big_red","brush big","noun size",NA,NA,NA,"Turkish","attempt1","noun size"
"146","2062-e",12,"size_sufficient","cat_small_black","black cat, small","color noun, size",NA,NA,NA,"Turkish","attempt1","color noun"
"147","2062-e",13,"size_sufficient","chair_small_yellow","chair yellow small","noun color size",NA,NA,NA,"Turkish","attempt1","noun color size"
"148","2062-e",14,"size_sufficient","car_big_green","car big green","noun size color",NA,NA,NA,"Turkish","attempt1","noun size color"
"149","2062-e",16,"size_sufficient","glove_big_orange","glove big orange","noun size color",NA,NA,NA,"Turkish","attempt1","noun size color"
"150","2062-e",19,"color_sufficient","shoe_small_pink","sports pink","noun2 color",NA,NA,NA,"Turkish","attempt1","noun2 color"
"151","2062-e",20,"color_sufficient","pants_big_pink","pants purple","noun color",NA,NA,NA,"Turkish","attempt1","noun color"
"152","2062-e",21,"size_sufficient","button_big_blue","button big, blue","noun size, color",NA,NA,NA,"Turkish","attempt1","noun size"
"153","2062-e",22,"size_sufficient","dress_small_green","dress small","noun size",NA,NA,NA,"Turkish","attempt1","noun size"
"154","2062-e",23,"size_sufficient","ball_small_purple","ball small purple","noun size color",NA,NA,NA,"Turkish","attempt1","noun size color"
"155","2062-e",26,"size_sufficient","flower_small_yellow","flower small","noun size",NA,NA,NA,"Turkish","attempt1","noun size"
"156","2062-e",31,"color_sufficient","pot_small_green","pot green","noun color",NA,NA,NA,"Turkish","attempt1","noun color"
"157","2062-e",32,"color_sufficient","socks_big_blue","socks blue","noun color",NA,NA,NA,"Turkish","attempt1","noun color"
"158","2062-e",33,"size_sufficient","clock_big_yellow","clock yellow big","noun color size",NA,NA,NA,"Turkish","attempt1","noun color size"
"159","2062-e",35,"size_sufficient","knife_big_red","knife big red holder","noun size color noun2",NA,"bicak buyuk kirmizi sapli",NA,"Turkish","attempt1","noun size color noun2"
"160","2062-e",36,"size_sufficient","bag_big_red","bag big red","noun size color",NA,NA,NA,"Turkish","attempt1","noun size color"
"161","2062-e",37,"color_sufficient","lock_small_silver","lock gray","noun color",NA,NA,NA,"Turkish","attempt1","noun color"
"162","2062-e",38,"color_sufficient","toothbrush_small_green","brush green","noun color",NA,NA,NA,"Turkish","attempt1","noun color"
"163","2062-e",39,"size_sufficient","apple_small_red","apple small red","noun size color",NA,NA,NA,"Turkish","attempt1","noun size color"
"164","2062-e",40,"color_sufficient","lighter_big_black","lighter black","noun color",NA,NA,NA,"Turkish","attempt1","noun color"
"165","2062-e",41,"size_sufficient","balloon_big_pink","baloon pink big","noun color size",NA,NA,NA,"Turkish","attempt1","noun color size"
"166","2062-e",42,"color_sufficient","tshirt_big_orange","tshirt red like one","noun color noun2",NA,"tisort kirmizi gibi olan",NA,"Turkish","attempt1","noun color noun2"
"167","2062-e",45,"color_sufficient","scissors_big_blue","scissors blue","noun color",NA,NA,NA,"Turkish","attempt1","noun color"
"168","2062-e",46,"color_sufficient","skirt_small_green","skirt green","noun color",NA,NA,NA,"Turkish","attempt1","noun color"
"169","2062-e",47,"color_sufficient","tie_big_red","tie red","noun color",NA,NA,NA,"Turkish","attempt1","noun color"
"170","2062-e",51,"size_sufficient","glasses_big_red","glasses red big","noun color size",NA,NA,NA,"Turkish","attempt1","noun color size"
"171","2062-e",52,"color_sufficient","umbrella_big_green","umbrella green","noun color",NA,NA,NA,"Turkish","attempt1","noun color"
"172","2062-e",55,"size_sufficient","key_small_gold","key yellow small","noun color size",NA,NA,NA,"Turkish","attempt1","noun color size"
"173","2062-e",57,"color_sufficient","pepper_big_red","pepper red","noun color",NA,NA,NA,"Turkish","attempt1","noun color"
"174","9458-d",14,"size_sufficient","key_big_silver","big big big key big, big big","size size size noun size, size size","big","0",NA,"CTSL","attempt1","size size size noun size"
"175","9458-d",20,"size_sufficient","dress_small_green","dress small dress point(screen), think not, point(green), small","noun size noun loc, verb2 neg, color, size","small","1",NA,"CTSL","attempt1","noun size noun loc"
"176","9458-d",21,"size_sufficient","baloon_small_pink","baloon small","noun size",NA,"0",NA,"CTSL","attempt1","noun size"
"177","9458-d",26,"color_sufficient","umbrella_small_green","umbrella rain umbrella, point(green)","noun noun2 noun, color",NA,"1",NA,"CTSL","attempt1","noun noun2 noun"
"178","9458-d",28,"color_sufficient","pepper_big_red","point(red)","color",NA,"1",NA,"CTSL","attempt1","color"
"179","9458-d",29,"size_sufficient","car_big_green","point(green) big","color size",NA,"1",NA,"CTSL","attempt1","color size"
"180","9458-d",31,"color_sufficient","socks_small_blue","point(blue)","color",NA,"1",NA,"CTSL","attempt1","color"
"181","9458-d",33,"size_sufficient","ball_small_purple","small point(blue)","size color",NA,"1",NA,"CTSL","attempt1","size color"
"182","9458-d",35,"size_sufficient","chair_big_blue","point(blue) chair big","color noun size",NA,"1",NA,"CTSL","attempt1","color noun size"
"183","9458-d",36,"size_sufficient","knife_small_red","point(red) knife small, point(red)","color noun size, color",NA,"1",NA,"CTSL","attempt1","color noun size"
"184","9458-d",37,"size_sufficient","bag_big_red","point(red) big bag","color size noun",NA,"1",NA,"CTSL","attempt1","color size noun"
"185","9458-d",40,"size_sufficient","apple_big_red","apple big","noun size",NA,"0",NA,"CTSL","attempt1","noun size"
"186","9458-d",41,"color_sufficient","pot_small_green","flames pot, point(blue)","noun2 noun, color",NA,"1",NA,"CTSL","attempt1","noun2 noun"
"187","9458-d",44,"color_sufficient","skirt_small_blue","skirt point(blue)","noun color",NA,"1",NA,"CTSL","attempt1","noun color"
"188","9458-d",45,"size_sufficient","clock_big_yellow","clock clock big small not big, point(green)","noun noun size size2 neg size, color",NA,"0",NA,"CTSL","attempt1","noun noun size size2 neg size"
"189","9458-d",46,"color_sufficient","shoe_small_pink","point(pink)","color",NA,"1",NA,"CTSL","attempt1","color"
"190","9458-d",48,"color_sufficient","scissors_small_blue","scisssors, point(blue)","noun, color",NA,"1",NA,"CTSL","attempt1","noun"
"191","9458-d",50,"size_sufficient","button_small_blue","button small","noun size",NA,"0",NA,"CTSL","attempt1","noun size"
"192","9458-d",51,"color_sufficient","tshirt_big_yellow","point(yellow)","color",NA,"1",NA,"CTSL","attempt1","color"
"193","9458-d",53,"color_sufficient","lock_big_gold","point(yellow) lock","color noun",NA,"1",NA,"CTSL","attempt1","color noun"
"194","9458-d",55,"color_sufficient","pants_small_green","? pants small, point(green)","? noun size, color","blue","1","is the first sign blue or color?","CTSL","attempt1","? noun size"
"195","9458-d",56,"size_sufficient","brush_small_red","brush small","noun size",NA,"0",NA,"CTSL","attempt1","noun size"
"196","9458-d",58,"color_sufficient","tie_big_red","tie color tie point(red)","noun ? noun color",NA,"1",NA,"CTSL","attempt1","noun ? noun color"
"197","9458-d",60,"color_sufficient","lighter_big_white","lighter lighter big big lighter","noun noun size size noun",NA,"9","how does. she sign white?","CTSL","attempt1","noun noun size size noun"
"198","7680-b",6,"size_sufficient","clock_big_yellow","clock small point(screen)","noun size loc",NA,NA,NA,"CTSL","attempt1","noun size loc"
"199","7680-b",8,"size_sufficient","ball_big_purple","point(purple)","color",NA,"1",NA,"CTSL","attempt1","color"
"200","7680-b",9,"color_sufficient","skirt_big_green","point(green)","color",NA,"1",NA,"CTSL","attempt1","color"
"201","7680-b",11,"color_sufficient","shoe_big_yellow","point(yellow)","color",NA,"1",NA,"CTSL","attempt1","color"
"202","7680-b",22,"color_sufficient","toothbrush_small_purple","point(screen) toothbrush point(screen)","loc noun loc",NA,NA,NA,"CTSL","attempt1","loc noun loc"
"203","7680-b",24,"size_sufficient","knife_small_red","small knife small","size noun size",NA,NA,NA,"CTSL","attempt1","size noun size"
"204","7680-b",26,"size_sufficient","key_big_gold","key big","noun size",NA,NA,NA,"CTSL","attempt1","noun size"
"205","7680-b",28,"size_sufficient","dress_small_blue","dress small","noun size",NA,NA,NA,"CTSL","attempt1","noun size"
"206","7680-b",31,"size_sufficient","brush_small_blue","brush small","noun size",NA,NA,NA,"CTSL","attempt1","noun size"
"207","7680-b",32,"size_sufficient","apple_small_red","apple-small","noun-size",NA,NA,NA,"CTSL","attempt1","noun-size"
"208","7680-b",39,"size_sufficient","car_big_green","car big","noun size",NA,NA,NA,"CTSL","attempt1","noun size"
"209","7680-b",44,"color_sufficient","tshirt_small_orange","tshirt color point(red)","noun COLOR color",NA,"1",NA,"CTSL","attempt1","noun COLOR color"
"210","7680-b",45,"color_sufficient","lock_big_silver","point(color)","color",NA,"1",NA,"CTSL","attempt1","color"
"211","7680-b",46,"size_sufficient","bag_big_red","point(color) big bag","color size nnoun",NA,"1",NA,"CTSL","attempt1","color size nnoun"
"212","7680-b",47,"size_sufficient","chair_small_blue","chair small","noun size",NA,NA,NA,"CTSL","attempt1","noun size"
"213","7680-b",51,"size_sufficient","cat_big_white","big big color point(screen) white big","size size color loc color size",NA,NA,NA,"CTSL","attempt1","size size color loc color size"
"214","7680-b",52,"color_sufficient","pepper_small_red","color point(color)","COLOR color",NA,"1",NA,"CTSL","attempt1","COLOR color"
"215","7680-b",53,"size_sufficient","glove_big_orange","point(color), big","color, size",NA,"1",NA,"CTSL","attempt1","color"
"216","7680-b",54,"color_sufficient","socks_big_green","point(color)","color",NA,"1",NA,"CTSL","attempt1","color"
"217","7680-b",57,"size_sufficient","button_big_blue","point(color), big","color, size",NA,"1",NA,"CTSL","attempt1","color"
"218","7680-b",60,"color_sufficient","pants_big_green","point(color)","color",NA,"1",NA,"CTSL","attempt1","color"
"219","3434-9",6,"color_sufficient","skirt_small_blue","skirt, blue","noun, color",NA,NA,NA,"Turkish","attempt1","noun"
"220","3434-9",7,"size_sufficient","knife_small_blue","small blue knife","size color noun",NA,NA,NA,"Turkish","attempt1","size color noun"
"221","3434-9",8,"color_sufficient","lock_small_gold","lock yellow small","noun color size",NA,NA,"same attempt?","Turkish","attempt1","noun color size"
"222","3434-9",9,"color_sufficient","tshirt_big_orange","orange tshirt","color noun",NA,NA,NA,"Turkish","attempt1","color noun"
"223","3434-9",10,"size_sufficient","apple_big_red","red apple big one","color noun size num",NA,NA,NA,"Turkish","attempt1","color noun size num"
"224","3434-9",11,"size_sufficient","balloon_big_yellow","balloon yellow big","noun color size",NA,NA,NA,"Turkish","attempt1","noun color size"
"225","3434-9",13,"size_sufficient","button_small_green","button green small","noun color size",NA,NA,NA,"Turkish","attempt1","noun color size"
"226","3434-9",15,"color_sufficient","pot_small_green","pot green small","noun color size",NA,NA,NA,"Turkish","attempt1","noun color size"
"227","3434-9",23,"color_sufficient","toothbrush_small_purple","toothbrush purple","noun color",NA,NA,NA,"Turkish","attempt1","noun color"
"228","3434-9",24,"color_sufficient","umbrella_big_blue","umbrella blue","noun color",NA,NA,NA,"Turkish","attempt1","noun color"
"229","3434-9",26,"size_sufficient","glasses_big_red","glasses red big","noun color size",NA,NA,NA,"Turkish","attempt1","noun color size"
"230","3434-9",27,"color_sufficient","pepper_small_green","to-stuff pepper green","mod2 noun color",NA,NA,NA,"Turkish","attempt1","mod2 noun color"
"231","3434-9",28,"size_sufficient","car_big_green","car green big","noun color size",NA,NA,NA,"Turkish","attempt1","noun color size"
"232","3434-9",32,"color_sufficient","tie_big_red","red","color",NA,NA,NA,"Turkish","attempt1","color"
"233","3434-9",35,"size_sufficient","dress_small_blue","dress blue small","noun color size",NA,NA,NA,"Turkish","attempt1","noun color size"
"234","3434-9",36,"color_sufficient","pants_small_green","pants green","noun color",NA,NA,NA,"Turkish","attempt1","noun color"
"235","3434-9",37,"color_sufficient","scissors_big_green","scissors green","noun color",NA,NA,NA,"Turkish","attempt1","noun color"
"236","3434-9",38,"color_sufficient","lighter_big_black","lighter black","noun color",NA,NA,NA,"Turkish","attempt1","noun color"
"237","3434-9",40,"color_sufficient","shoe_big_yellow","boots yellow","noun color",NA,NA,NA,"Turkish","attempt1","noun color"
"238","3434-9",42,"size_sufficient","ball_small_yellow","ball yellow small","noun color size",NA,NA,NA,"Turkish","attempt1","noun color size"
"239","3434-9",43,"size_sufficient","cat_big_white","white big cat","color size noun",NA,NA,NA,"Turkish","attempt1","color size noun"
"240","3434-9",51,"size_sufficient","bag_big_blue","blue bag big","color noun size",NA,NA,NA,"Turkish","attempt1","color noun size"
"241","3434-9",53,"size_sufficient","glove_small_green","green glove small","color noun size",NA,NA,NA,"Turkish","attempt1","color noun size"
"242","3434-9",54,"size_sufficient","flower_small_yellow","yellow flower small","color noun size",NA,NA,NA,"Turkish","attempt1","color noun size"
"243","3434-9",55,"size_sufficient","brush_small_blue","blue brush small","size noun color",NA,NA,NA,"Turkish","attempt1","size noun color"
"244","3434-9",56,"color_sufficient","socks_small_green","green boots","color noun",NA,NA,NA,"Turkish","attempt1","color noun"
"245","3434-9",58,"color_sufficient","lipstick_big_pink","lipstick pink, not, big","noun color, neg, size",NA,NA,NA,"Turkish","attempt1","noun color"
"246","3434-9",60,"size_sufficient","chair_small_blue","chair blue small","noun color size",NA,NA,NA,"Turkish","attempt1","noun color size"
"247","7120-3",6,"size_sufficient","balloon_big_yellow","baloon baloon big baloon","noun noun size noun","baloon","0",NA,"CTSL","attempt1","noun noun size noun"
"248","7120-3",7,"size_sufficient","ball_small_yellow","yellow small","color size","yellow, small","0",NA,"CTSL","attempt1","color size"
"249","7120-3",11,"size_sufficient","button_big_blue","button big blue big","noun size color size","button, blue, big","0",NA,"CTSL","attempt1","noun size color size"
"250","7120-3",12,"color_sufficient","pot_big_green","pot green","noun color","green","0",NA,"CTSL","attempt1","noun color"
"251","7120-3",13,"size_sufficient","brush_small_red","brush small red","noun size color","paint, small, red","0",NA,"CTSL","attempt1","noun size color"
"252","7120-3",14,"color_sufficient","socks_small_blue","socks blue","noun color","socks, blue","0",NA,"CTSL","attempt1","noun color"
"253","7120-3",15,"size_sufficient","bag_big_red","bag red big","noun color size","bag, red, big","0",NA,"CTSL","attempt1","noun color size"
"254","7120-3",16,"size_sufficient","glove_small_green","gloves small green","noun size color","gloves, small, green","0",NA,"CTSL","attempt1","noun size color"
"255","7120-3",18,"color_sufficient","umbrella_big_green","umbrella rain umbrella green","noun noun2 noun color","rain, green","0",NA,"CTSL","attempt1","noun noun2 noun color"
"256","7120-3",20,"color_sufficient","pepper_big_green","pepper ? green","noun ? color","green","0","check sign","CTSL","attempt1","noun ? color"
"257","7120-3",21,"size_sufficient","clock_small_purple","clock small purple","noun size color","clock, purple","0",NA,"CTSL","attempt1","noun size color"
"258","7120-3",23,"color_sufficient","shoe_small_pink","shoe pink","noun color","shoe, pink","0",NA,"CTSL","attempt1","noun color"
"259","7120-3",24,"color_sufficient","tshirt_big_yellow","tshirt yellow","noun color","tshirt, yellow","0",NA,"CTSL","attempt1","noun color"
"260","7120-3",26,"color_sufficient","tie_big_red","tie red","noun color","red","0",NA,"CTSL","attempt1","noun color"
"261","7120-3",28,"color_sufficient","scissors_big_green","scissors green, scissors","noun color, noun","scissors, green","0",NA,"CTSL","attempt1","noun color"
"262","7120-3",31,"size_sufficient","key_big_silver","key big key big gray","noun size noun size color","key, big, gray","0",NA,"CTSL","attempt1","noun size noun size color"
"263","7120-3",32,"color_sufficient","lock_big_gold","lock lock yellow yellow","noun noun color color","yellow","0",NA,"CTSL","attempt1","noun noun color color"
"264","7120-3",38,"size_sufficient","dress_big_blue","dress blue dress big","noun color noun size","dress, blue, big","0","check listener video for question","CTSL","attempt1","noun color noun size"
"265","7120-3",39,"color_sufficient","toothbrush_small_purple","toothbrush purple","noun color","purple","0",NA,"CTSL","attempt1","noun color"
"266","7120-3",44,"size_sufficient","knife_small_red","knife small red","noun size color","small, red","0",NA,"CTSL","attempt1","noun size color"
"267","7120-3",45,"size_sufficient","flower_small_pink","flower small pink","noun size color","flower, small, red","0",NA,"CTSL","attempt1","noun size color"
"268","7120-3",46,"size_sufficient","apple_small_green","apple green small","noun color size","apple, green, small","0",NA,"CTSL","attempt1","noun color size"
"269","7120-3",47,"size_sufficient","cat_small_white","cat white small","noun color size","cat, white, small","0",NA,"CTSL","attempt1","noun color size"
"270","7120-3",50,"color_sufficient","pants_small_pink","pants purple","noun color","purple","0",NA,"CTSL","attempt1","noun color"
"271","7120-3",53,"color_sufficient","lighter_small_black","lighter black lighter lighter","noun color noun noun","lighter, black","0",NA,"CTSL","attempt1","noun color noun noun"
"272","7120-3",54,"color_sufficient","skirt_small_green","skirt green","noun color","skirt, green","0",NA,"CTSL","attempt1","noun color"
"273","7120-3",56,"color_sufficient","lipstick_big_pink","lipstick pink","noun color","pink","0",NA,"CTSL","attempt1","noun color"
"274","7120-3",57,"size_sufficient","chair_big_blue","chair blue big","noun color size","sit, blue, big","0",NA,"CTSL","attempt1","noun color size"
"275","7120-3",58,"size_sufficient","glasses_small_red","glasses red small","noun color size","glasses, red","0",NA,"CTSL","attempt1","noun color size"
"276","7120-3",59,"size_sufficient","car_big_blue","car blue big","noun color size","car, blue","0",NA,"CTSL","attempt1","noun color size"
"277","9178-6",7,"color_sufficient","lock_big_gold","key lock key lock lock, key lock","noun2 noun noun2 noun noun, noun2 noun",NA,NA,NA,"CTSL","attempt1","noun2 noun noun2 noun noun"
"278","9178-6",12,"size_sufficient","glasses_big_blue","glasses blue","noun color","glasses, blue",NA,NA,"CTSL","attempt1","noun color"
"279","9178-6",15,"color_sufficient","scissors_small_blue","scissors blue","noun color","scissors",NA,NA,"CTSL","attempt1","noun color"
"280","9178-6",18,"color_sufficient","toothbrush_big_purple","toothbrush pink toothbrush","noun color noun","pink",NA,NA,"CTSL","attempt1","noun color noun"
"281","9178-6",20,"size_sufficient","apple_small_red","apple red","noun color","apple, red",NA,NA,"CTSL","attempt1","noun color"
"282","9178-6",26,"size_sufficient","ball_small_purple","point(color) ball ball","color noun noun",NA,NA,NA,"CTSL","attempt1","color noun noun"
"283","9178-6",27,"size_sufficient","chair_small_blue","chair small","noun size","sit",NA,NA,"CTSL","attempt1","noun size"
"284","9178-6",28,"color_sufficient","pants_big_pink","pants point(pink)","noun color","pink",NA,NA,"CTSL","attempt1","noun color"
"285","9178-6",29,"color_sufficient","shoe_big_pink","shoe point(pink)","noun color",NA,"1",NA,"CTSL","attempt1","noun color"
"286","9178-6",32,"size_sufficient","dress_big_blue","dress point(blue) big","noun color size","dress",NA,NA,"CTSL","attempt1","noun color size"
"287","9178-6",33,"size_sufficient","flower_big_yellow","flower big point(yellow)","noun size color","flower",NA,NA,"CTSL","attempt1","noun size color"
"288","9178-6",34,"color_sufficient","tshirt_small_orange","tshirt point(orange)","noun color","pink",NA,NA,"CTSL","attempt1","noun color"
"289","9178-6",35,"color_sufficient","pepper_small_red","pepper point(red)","noun color","red","1",NA,"CTSL","attempt1","noun color"
"290","9178-6",36,"size_sufficient","knife_big_blue","knife point(blue) big","noun color size",NA,NA,NA,"CTSL","attempt1","noun color size"
"291","9178-6",40,"size_sufficient","balloon_big_yellow","baloon point(yellow) big","noun color size","baloon",NA,NA,"CTSL","attempt1","noun color size"
"292","9178-6",41,"size_sufficient","glove_big_green","glove, glove big","noun, noun size","glove, big",NA,NA,"CTSL","attempt1","noun"
"293","9178-6",43,"size_sufficient","clock_big_yellow","clock big","noun size","clock, big",NA,NA,"CTSL","attempt1","noun size"
"294","9178-6",46,"color_sufficient","socks_small_green","socks point(green)","noun color","socks",NA,NA,"CTSL","attempt1","noun color"
"295","9178-6",48,"color_sufficient","lighter_small_black","water lighter size black","noun2 noun size color","black",NA,"why sign water?","CTSL","attempt1","noun2 noun size color"
"296","9178-6",50,"size_sufficient","brush_small_blue","brush small","noun size","paint",NA,NA,"CTSL","attempt1","noun size"
"297","9178-6",51,"color_sufficient","pot_small_green","flames small point(green)","noun2 size color",NA,NA,NA,"CTSL","attempt1","noun2 size color"
"298","9178-6",52,"color_sufficient","skirt_small_blue","skirt point(blue), skirt small skirt point(blue)","noun color, noun size noun color",NA,NA,NA,"CTSL","attempt1","noun color"
"299","9178-6",55,"color_sufficient","tie_big_red","tie point(red)","noun color",NA,NA,NA,"CTSL","attempt1","noun color"
"300","9178-6",56,"color_sufficient","lipstick_small_red","small lipstick","size noun",NA,NA,NA,"CTSL","attempt1","size noun"
"301","9178-6",58,"color_sufficient","umbrella_small_blue","umbrella point(blue)","noun color",NA,NA,NA,"CTSL","attempt1","noun color"
"302","9178-6",59,"size_sufficient","bag_small_red","bag point(red) small","noun color size",NA,NA,NA,"CTSL","attempt1","noun color size"
"303","5082-3",9,"color_sufficient","pot_small_green","point(green) pot point(green) pot","color noun color noun","green","1","gets crayons","CTSL","attempt1","color noun color noun"
"304","5082-3",10,"size_sufficient","glasses_small_blue","point(blue), glasses point(blue) big not small","color, noun color size2 neg size","big, small","1","negation","CTSL","attempt1","color"
"305","5082-3",15,"color_sufficient","shoe_big_yellow","shoe point(yellow)","noun color","shoe","1",NA,"CTSL","attempt1","noun color"
"306","5082-3",19,"color_sufficient","tshirt_small_orange","point(orange) tshirt","color noun",NA,"1",NA,"CTSL","attempt1","color noun"
"307","5082-3",20,"size_sufficient","knife_small_blue","knife small knife small, big not small","noun size noun size, size2 neg","big, not, small","0",NA,"CTSL","attempt1","noun size noun size"
"308","5082-3",21,"size_sufficient","apple_small_red","apple big not small, apple small","noun size2 neg size, noun size","apple, big, not, small","0",NA,"CTSL","attempt1","noun size2 neg size"
"309","5082-3",23,"color_sufficient","umbrella_small_green","rain point(green) rain umbrella","noun2 color noun2 noun","rain","1",NA,"CTSL","attempt1","noun2 color noun2 noun"
"310","5082-3",26,"color_sufficient","lock_small_gold","point(yellow) key","color noun","yellow","1",NA,"CTSL","attempt1","color noun"
"311","5082-3",28,"size_sufficient","cat_big_black","cat big tall","noun size mod2",NA,"0",NA,"CTSL","attempt1","noun size mod2"
"312","5082-3",29,"size_sufficient","bag_big_blue","bag big","noun size sizeB","bag, big","0",NA,"CTSL","attempt1","noun size sizeB"
"313","5082-3",32,"color_sufficient","skirt_big_blue","point(blue) skirt woman skirt","color noun noun2 noun","blue, skirt","1",NA,"CTSL","attempt1","color noun noun2 noun"
"314","5082-3",35,"size_sufficient","balloon_big_pink","point(pink), point(pink) balloon think big","color, color noun verb2 size","balloon","1",NA,"CTSL","attempt1","color"
"315","5082-3",38,"color_sufficient","pants_big_pink","point(pink) pants","color noun","pants","1",NA,"CTSL","attempt1","color noun"
"316","5082-3",39,"size_sufficient","car_small_green","car small big not small small","noun size size2 neg size size","car, big, not, small","0",NA,"CTSL","attempt1","noun size size2 neg size size"
"317","5082-3",40,"size_sufficient","brush_small_red","paintbrush small","noun size","paintbrush, small","0",NA,"CTSL","attempt1","noun size"
"318","5082-3",41,"color_sufficient","socks_big_green","point(green) socks point(green) socks","color noun color noun","socks","1",NA,"CTSL","attempt1","color noun color noun"
"319","5082-3",48,"size_sufficient","dress_small_green","dress dress small big not small","noun noun size size2 neg size","dress, big, not, small","0",NA,"CTSL","attempt1","noun noun size size2 neg size"
"320","5082-3",49,"size_sufficient","key_big_gold","key big key big","noun size noun size","key","0",NA,"CTSL","attempt1","noun size noun size"
"321","5082-3",50,"color_sufficient","toothbrush_small_green","point(green) toothbrush","color noun",NA,"0",NA,"CTSL","attempt1","color noun"
"322","5082-3",51,"color_sufficient","scissors_big_green","same point(green) think same scissors same point(up) scissors","mod2 color verb2 mod2 noun mod2 loc noun","same, scissors","1","point(up) --> coded as green, probably pointing to a tree","CTSL","attempt1","mod2 color verb2 mod2 noun mod2 loc noun"
"323","5082-3",53,"size_sufficient","ball_big_purple","big ball big big","size noun size noun","big ball","0","big and ball signed synchronously","CTSL","attempt1","size noun size noun"
"324","5082-3",59,"color_sufficient","lighter_big_black","lighter point(black)","noun color","lighter","0",NA,"CTSL","attempt1","noun color"
"325","5082-3",60,"color_sufficient","tie_small_blue","point(blue) tie","color noun",NA,"0",NA,"CTSL","attempt1","color noun"
"326","2269-9",6,"color_sufficient","tie_big_red","tie, tie neck, neck, red tie, point(red)","noun, noun noun2, noun2, color noun, color",NA,"1",NA,"CTSL","attempt1","noun"
"327","2269-9",7,"color_sufficient","lipstick_small_red","point(red), lipstick, small lipstick, not small point(red)-small","color, noun, size noun, neg size color-size",NA,"1",NA,"CTSL","attempt1","color"
"328","2269-9",9,"size_sufficient","cat_small_black","cat cat, small","noun noun, size",NA,NA,NA,"CTSL","attempt1","noun noun"
"329","2269-9",10,"size_sufficient","glasses_big_blue","glasses point(blue), big","noun color, size",NA,"1",NA,"CTSL","attempt1","noun color"
"330","2269-9",11,"color_sufficient","lock_big_silver","lock lock big, point(gray)","noun noun size, color",NA,"1",NA,"CTSL","attempt1","noun noun size"
"331","2269-9",12,"size_sufficient","brush_big_red","brush point(red) big","noun color size",NA,"1",NA,"CTSL","attempt1","noun color size"
"332","2269-9",20,"size_sufficient","dress_small_blue","point(blue) dress small point(blue)","color noun size color",NA,"1",NA,"CTSL","attempt1","color noun size color"
"333","2269-9",21,"size_sufficient","bag_small_red","bag point(red) bag small","noun color noun size",NA,"1",NA,"CTSL","attempt1","noun color noun size"
"334","2269-9",22,"color_sufficient","toothbrush_small_purple","toothbrush point(purple)","noun color",NA,"1",NA,"CTSL","attempt1","noun color"
"335","2269-9",25,"color_sufficient","lighter_big_black","lighter point(black)","noun color",NA,"1",NA,"CTSL","attempt1","noun color"
"336","2269-9",27,"size_sufficient","apple_small_red","apple point(red) small","noun color size",NA,"1",NA,"CTSL","attempt1","noun color size"
"337","2269-9",28,"size_sufficient","ball_big_purple","ball point(purple) big","noun color size",NA,"1",NA,"CTSL","attempt1","noun color size"
"338","2269-9",30,"size_sufficient","glove_small_orange","gloves point(orange) small gloves","noun color size noun",NA,"1",NA,"CTSL","attempt1","noun color size noun"
"339","2269-9",31,"color_sufficient","pepper_big_green","hot pepper point(green)","mod2 noun color",NA,"1",NA,"CTSL","attempt1","mod2 noun color"
"340","2269-9",34,"size_sufficient","clock_big_yellow","clock point(yellow) big","noun color size",NA,"1",NA,"CTSL","attempt1","noun color size"
"341","2269-9",35,"color_sufficient","tshirt_big_yellow","tshirt point(yellow)","noun color",NA,"1",NA,"CTSL","attempt1","noun color"
"342","2269-9",36,"color_sufficient","umbrella_small_green","umbrella point(green)","noun color",NA,"1",NA,"CTSL","attempt1","noun color"
"343","2269-9",37,"size_sufficient","flower_small_yellow","flower point(yellow) small","noun color size",NA,"1",NA,"CTSL","attempt1","noun color size"
"344","2269-9",39,"color_sufficient","pot_big_green","pot point(green) pot","noun color noun",NA,"1",NA,"CTSL","attempt1","noun color noun"
"345","2269-9",41,"color_sufficient","scissors_big_green","scissors point(green) scissors","noun color noun",NA,"1",NA,"CTSL","attempt1","noun color noun"
"346","2269-9",42,"size_sufficient","car_big_green","car point(green) car, big","noun color noun, size",NA,"1",NA,"CTSL","attempt1","noun color noun"
"347","2269-9",43,"size_sufficient","button_big_green","button point(green), big","noun color, size",NA,"1",NA,"CTSL","attempt1","noun color"
"348","2269-9",45,"color_sufficient","skirt_big_blue","skirt point(blue)","noun color",NA,"1",NA,"CTSL","attempt1","noun color"
"349","2269-9",48,"size_sufficient","balloon_big_pink","baloon big point(pink), big","noun size color, size",NA,"1",NA,"CTSL","attempt1","noun size color"
"350","2269-9",49,"size_sufficient","key_small_gold","key point(yellow) small","noun color size",NA,"1",NA,"CTSL","attempt1","noun color size"
"351","2269-9",53,"color_sufficient","pants_small_pink","pants point(pink) pants","noun color noun",NA,"1",NA,"CTSL","attempt1","noun color noun"
"352","2269-9",55,"size_sufficient","chair_small_yellow","chair point(yellow) chair small","noun color noun size",NA,"1",NA,"CTSL","attempt1","noun color noun size"
"353","2269-9",56,"color_sufficient","socks_small_green","socks point(green)","noun color",NA,"1",NA,"CTSL","attempt1","noun color"
"354","2269-9",58,"size_sufficient","knife_small_red","knife point(red) small, small, point(red)","noun color size, size, color",NA,"1",NA,"CTSL","attempt1","noun color size"
"355","2269-9",60,"color_sufficient","shoe_big_pink","shoe point(pink)","noun color",NA,"1",NA,"CTSL","attempt1","noun color"
"356","7597-b",6,"size_sufficient","apple_small_green","apple small apple small, small what apple small","noun size noun size, size QUESTION noun size",NA,NA,NA,"CTSL","attempt1","noun size noun size"
"357","7597-b",12,"color_sufficient","pants_small_green","pants color pants point(green)","noun clr noun color",NA,"1",NA,"CTSL","attempt1","noun clr noun color"
"358","7597-b",14,"color_sufficient","socks_big_blue","point(blue) socks","color noun",NA,"1",NA,"CTSL","attempt1","color noun"
"359","7597-b",19,"size_sufficient","dress_big_green","point(shirt) point(green) dress big dress","noun color noun size noun",NA,"1","shirt for dress","CTSL","attempt1","noun color noun size noun"
"360","7597-b",20,"size_sufficient","chair_small_yellow","point(yellow) chair small big not small","color noun size size2 neg size",NA,"1",NA,"CTSL","attempt1","color noun size size2 neg size"
"361","7597-b",21,"size_sufficient","knife_big_red","knife red point(red) big big knife big","noun color color size size noun size",NA,"1",NA,"CTSL","attempt1","noun color color size size noun size"
"362","7597-b",23,"color_sufficient","lighter_big_white","lighter point(teeth) lighter","noun color noun",NA,"1",NA,"CTSL","attempt1","noun color noun"
"363","7597-b",25,"color_sufficient","skirt_big_green","skirt point(green) big point(green)","noun color size color",NA,"1",NA,"CTSL","attempt1","noun color size color"
"364","7597-b",32,"size_sufficient","flower_big_yellow","flower color point(yellow) big, flower big","noun clr color size, noun size",NA,"1",NA,"CTSL","attempt1","noun clr color size"
"365","7597-b",33,"color_sufficient","lipstick_small_pink","lipstick color point(pink) lipstick","noun clr color noun",NA,"1",NA,"CTSL","attempt1","noun clr color noun"
"366","7597-b",34,"color_sufficient","shoe_big_pink","shoe color point(pink)","noun clr color",NA,"1",NA,"CTSL","attempt1","noun clr color"
"367","7597-b",35,"size_sufficient","glove_big_orange","glove wash glove point(orange), glove big","noun verb2 noun color, noun size",NA,"1",NA,"CTSL","attempt1","noun verb2 noun color"
"368","7597-b",36,"color_sufficient","scissors_small_green","scissors color point(green) scissors small small","noun clr color noun size size",NA,"1",NA,"CTSL","attempt1","noun clr color noun size size"
"369","7597-b",40,"color_sufficient","tshirt_small_orange","tshirt color point(orange)","noun clr color",NA,"1",NA,"CTSL","attempt1","noun clr color"
"370","7597-b",41,"color_sufficient","pepper_small_green","hot to-stuff pepper color point(green)","mod2 mod2 noun clr color",NA,"1",NA,"CTSL","attempt1","mod2 mod2 noun clr color"
"371","7597-b",42,"size_sufficient","ball_big_purple","ball color point(purple) big, big","noun clr color size, size",NA,"1",NA,"CTSL","attempt1","noun clr color size"
"372","7597-b",43,"color_sufficient","tie_big_red","tie red point(red) point(brown)","noun color color color2",NA,"1",NA,"CTSL","attempt1","noun color color color2"
"373","7597-b",44,"size_sufficient","key_big_silver","key door key big, big","noun noun2 noun size, size",NA,NA,NA,"CTSL","attempt1","noun noun2 noun size"
"374","7597-b",45,"size_sufficient","cat_small_white","cat small body point(teeth) cat body small","noun size noun2 color noun noun2 size",NA,"1","check pos coding","CTSL","attempt1","noun size noun2 color noun noun2 size"
"375","7597-b",46,"size_sufficient","button_big_blue","button big point(blue) big","noun size color size",NA,"1",NA,"CTSL","attempt1","noun size color size"
"376","7597-b",47,"color_sufficient","pot_small_blue","flames pot small point(blue) pot small","noun2 noun size color noun size",NA,"1",NA,"CTSL","attempt1","noun2 noun size color noun size"
"377","7597-b",48,"color_sufficient","toothbrush_big_green","toothbrush color point(green), toothbrush big","noun clr color, noun size",NA,"1",NA,"CTSL","attempt1","noun clr color"
"378","7597-b",51,"size_sufficient","balloon_big_yellow","baloon big color point(yellow)","noun size lr color",NA,"1",NA,"CTSL","attempt1","noun size lr color"
"379","7597-b",54,"color_sufficient","umbrella_small_green","rain umbrella color point(green) umbrella big","noun2 noun clr color noun size",NA,"1",NA,"CTSL","attempt1","noun2 noun clr color noun size"
"380","7597-b",55,"size_sufficient","bag_small_blue","pencil bag color point(blue) bag small small","noun2 noun clr color noun size size",NA,"1",NA,"CTSL","attempt1","noun2 noun clr color noun size size"
"381","7597-b",57,"color_sufficient","lock_big_gold","lock color point(yellow)","noun clr color",NA,"1",NA,"CTSL","attempt1","noun clr color"
"382","7597-b",58,"size_sufficient","clock_big_purple","clock color point(purple) clock big","noun clr color noun size",NA,"1",NA,"CTSL","attempt1","noun clr color noun size"
"383","3743-d",6,"color_sufficient","show_small_yellow","shoe color point(yellow)","noun clr color",NA,NA,NA,"CTSL","attempt1","noun clr color"
"384","3743-d",7,"color_sufficient","tshirt_small_yellow","tshirt point(yellow)","noun color",NA,NA,NA,"CTSL","attempt1","noun color"
"385","3743-d",9,"color_sufficient","lighter_small_black","lighter small lighter point(black)","noun size noun color",NA,NA,NA,"CTSL","attempt1","noun size noun color"
"386","3743-d",11,"size_sufficient","balloon_big_yellow","balloon big point(yellow)","noun size color",NA,NA,NA,"CTSL","attempt1","noun size color"
"387","3743-d",14,"size_sufficient","chair_small_yellow","point(chair) chair small small point(yellow)","noun noun size size color",NA,NA,NA,"CTSL","attempt1","noun noun size size color"
"388","3743-d",17,"color_sufficient","toothbrush_small_purple","toothbrush, small toothbrush small point(purple)","noun, size noun size color",NA,NA,NA,"CTSL","attempt1","noun"
"389","3743-d",18,"size_sufficient","apple_small_green","apple small point(green)","noun size color",NA,NA,NA,"CTSL","attempt1","noun size color"
"390","3743-d",19,"size_sufficient","brush_big_red","brush big brush big point(red)","noun size noun size color",NA,NA,NA,"CTSL","attempt1","noun size noun size color"
"391","3743-d",24,"color_sufficient","pants_small_pink","pants point(purple)","noun color",NA,NA,NA,"CTSL","attempt1","noun color"
"392","3743-d",26,"color_sufficient","scissors_big_blue","scissors point(blue)","noun color",NA,NA,NA,"CTSL","attempt1","noun color"
"393","3743-d",27,"size_sufficient","flower_big_pink","flower bloom small not big point(red)","noun verb2 size2 neg size color",NA,NA,NA,"CTSL","attempt1","noun verb2 size2 neg size color"
"394","3743-d",29,"size_sufficient","knife_small_blue","knife small knife small point(blue) point(blue)","noun size noun size color color",NA,NA,NA,"CTSL","attempt1","noun size noun size color color"
"395","3743-d",30,"size_sufficient","clock_big_purple","clock ? sleep hour-minute-hand clock small point(blue)","noun ? verb2 noun2 noun size color",NA,NA,"check the sign for small here","CTSL","attempt1","noun ? verb2 noun2 noun size color"
"396","3743-d",31,"size_sufficient","button_big_blue","point(button) stich button stich point(button) stich point(blue) big","noun noun2 noun noun2 noun noun2 color size",NA,NA,NA,"CTSL","attempt1","noun noun2 noun noun2 noun noun2 color size"
"397","3743-d",32,"color_sufficient","pepper_big_red","pepper stuff hot pepper stuff point(red)","noun verb2 mod noun verb2 color",NA,NA,NA,"CTSL","attempt1","noun verb2 mod noun verb2 color"
"398","3743-d",33,"size_sufficient","ball_big_yellow","ball ball bounce ball big ball, big ball point(yellow), big point(yellow), big big","noun noun verb2 noun size noun, size noun color, size color, size size","ball",NA,NA,"CTSL","attempt1","noun noun verb2 noun size noun"
"399","3743-d",34,"color_sufficient","lipstick_small_red","lipstick point(red)","noun color",NA,NA,NA,"CTSL","attempt1","noun color"
"400","3743-d",36,"color_sufficient","socks_big_blue","socks big point(blue)","noun size color",NA,NA,NA,"CTSL","attempt1","noun size color"
"401","3743-d",43,"color_sufficient","umbrella_big_blue","umbrella rain umbrella rain point(blue)","noun verb2 noun verb2 color",NA,NA,NA,"CTSL","attempt1","noun verb2 noun verb2 color"
"402","3743-d",44,"color_sufficient","pot_small_blue","pot pot eat pot point(blue)","noun noun cerb2 noun color",NA,NA,NA,"CTSL","attempt1","noun noun cerb2 noun color"
"403","3743-d",45,"size_sufficient","bag_small_blue","bag pencil bag pencil bag small point(blue) small","noun noun2 noun noun2 noun size color size",NA,NA,NA,"CTSL","attempt1","noun noun2 noun noun2 noun size color size"
"404","3743-d",47,"size_sufficient","car_small_blue","car small toy-car point(blue)","noun size noun2 color",NA,NA,NA,"CTSL","attempt1","noun size noun2 color"
"405","3743-d",48,"color_sufficient","tie_big_red","tie point(red)","noun color",NA,NA,NA,"CTSL","attempt1","noun color"
"406","3743-d",49,"size_sufficient","key_big_gold","key big key big, key","noun size noun size, noun",NA,NA,NA,"CTSL","attempt1","noun size noun size"
"407","3743-d",51,"size_sufficient","cat_big_black","cat big big, big point(blue) big, cat","noun size size, size color size, noun",NA,NA,NA,"CTSL","attempt1","noun size size"
"408","3743-d",52,"size_sufficient","dress_small_green","dress small point(green)","noun size color",NA,NA,NA,"CTSL","attempt1","noun size color"
"409","3743-d",53,"color_sufficient","skirt_big_green","skirt big point(green)","noun size color",NA,NA,NA,"CTSL","attempt1","noun size color"
"410","3743-d",55,"size_sufficient","glasses_big_red","glasses, big glasses big point(pink)","noun, size noun size color",NA,NA,NA,"CTSL","attempt1","noun"
"411","3743-d",56,"size_sufficient","glove_small_orange","glove small point(red)","noun size color",NA,NA,NA,"CTSL","attempt1","noun size color"
"412","1535-6",8,"color_sufficient","umbrella_big_green","umbrella, point(screen)","noun, loc",NA,"0","no crayons","CTSL","attempt1","noun"
"413","1535-6",10,"color_sufficient","lipstick_small_red","lipstick big lipstick not small small small","noun size2 noun neg size size size","small","0","no crayons, negation","CTSL","attempt1","noun size2 noun neg size size size"
"414","1535-6",11,"size_sufficient","dress_small_green","dress, point(screen), small","noun, loc, size","long","0","all separate attempts","CTSL","attempt1","noun"
"415","1535-6",12,"size_sufficient","clock_big_purple","clock clock ? ? big","noun noun ? ? size","clock, big","0","check sign ?","CTSL","attempt1","noun noun ? ? size"
"416","1535-6",14,"color_sufficient","pot_big_blue","point(blue) point(blue) pot","color color noun",NA,"1","speaker gets crayons","CTSL","attempt1","color color noun"
"417","1535-6",15,"color_sufficient","tie_small_red","tie red point(red) red","noun color color color","red","1","check sign for color/red","CTSL","attempt1","noun color color color"
"418","1535-6",17,"color_sufficient","show_small_yellow","shoe point(yellow)","noun color","shoe","1",NA,"CTSL","attempt1","noun color"
"419","1535-6",19,"size_sufficient","bag_small_red","bag red small","noun color size","red, small","0",NA,"CTSL","attempt1","noun color size"
"420","1535-6",22,"color_sufficient","scissors_small_green","scissors scissors point(green)","noun noun color","scissors","1",NA,"CTSL","attempt1","noun noun color"
"421","1535-6",25,"color_sufficient","toothbrush_big_purple","toothbrush point(blue)","noun color",NA,"1",NA,"CTSL","attempt1","noun color"
"422","1535-6",26,"size_sufficient","car_small_blue","car small point(blue), small","noun size color, size","small","1",NA,"CTSL","attempt1","noun size color"
"423","1535-6",28,"size_sufficient","knife_big_red","red knife small not big","color noun size2 neg size","red, small, big","0","negation","CTSL","attempt1","color noun size2 neg size"
"424","1535-6",29,"size_sufficient","glove_big_green","glove blue big glove point(green)","noun color size noun color","blue, big","1",NA,"CTSL","attempt1","noun color size noun color"
"425","1535-6",30,"size_sufficient","flower_small_pink","flower red flower small","noun color noun size","red","0",NA,"CTSL","attempt1","noun color noun size"
"426","1535-6",33,"size_sufficient","ball_big_purple","ball big one","noun size num","big","0","one means only here","CTSL","attempt1","noun size num"
"427","1535-6",34,"size_sufficient","baloon_small_pink","red baloon small","color noun size2 neg size","red, small","0",NA,"CTSL","attempt1","color noun size2 neg size"
"428","1535-6",35,"color_sufficient","lighter_small_black","black black lighter black","color color noun color","black","0",NA,"CTSL","attempt1","color color noun color"
"429","1535-6",42,"size_sufficient","glasses_small_red","glasses red small","noun color size","red","0",NA,"CTSL","attempt1","noun color size"
"430","1535-6",45,"color_sufficient","socks_big_blue","socks point(blue)","noun color",NA,"1",NA,"CTSL","attempt1","noun color"
"431","1535-6",46,"size_sufficient","apple_big_green","apple apple big big","noun noun size size",NA,"0",NA,"CTSL","attempt1","noun noun size size"
"432","1535-6",47,"color_sufficient","pants_small_pink","red pants red pants red","color noun color noun color","red","0",NA,"CTSL","attempt1","color noun color noun color"
"433","1535-6",48,"color_sufficient","pepper_small_green","pepper small red not","noun size color2 neg","pepper, small, red","0","NOT SURE","CTSL","attempt1","noun size color2 neg"
"434","1535-6",49,"size_sufficient","cat_small_white","white white small","color color size","white","0",NA,"CTSL","attempt1","color color size"
"435","1535-6",50,"color_sufficient","lock_big_gold","key three not color other color, color other one color one","noun num2 neg COLOR OTHER COLOR, COLOR OTHER num COLOR num",NA,"0","interesting strategy","CTSL","attempt1","noun num2 neg COLOR OTHER COLOR"
"436","1535-6",51,"size_sufficient","button_small_blue","blue button three small","color noun num size","blue","0","interesting strategy, check sign for blue","CTSL","attempt1","color noun num size"
"437","1535-6",52,"size_sufficient","brush_small_blue","paint brush big not small","noun noun size2 neg size","paint, big, small","0",NA,"CTSL","attempt1","noun noun size2 neg size"
"438","1535-6",57,"size_sufficient","chair_big_blue","chair blue big one big","noun color size num size","sit, blue, big","0",NA,"CTSL","attempt1","noun color size num size"
"439","1535-6",60,"color_sufficient","skirt_big_green","skirt skirt one blue three not skirt one","noun noun num color2 num2 neg noun num","blue, three","0","interesting strategy","CTSL","attempt1","noun noun num color2 num2 neg noun num"
"440","4870-6",22,"size_sufficient","brush_big_blue","biggest brush, blue brush","size noun, color noun",NA,NA,NA,"Turkish","attempt2","color noun"
"441","4870-6",30,"color_sufficient","lipstick_big_pink","red lipstick, light red","color2 noun, mod2 color2",NA,NA,NA,"Turkish","attempt2","mod2 color2"
"442","4870-6",41,"color_sufficient","skirt_big_blue","pink skirt, blue skirt","color2 noun, color noun",NA,NA,NA,"Turkish","attempt2","color noun"
"443","4870-6",47,"color_sufficient","lock_small_gold","yellow key, lock","color noun2, noun",NA,NA,NA,"Turkish","attempt2","noun"
"444","4870-6",51,"size_sufficient","dress_big_blue","big blue skirt, dress","size color noun2, noun",NA,NA,NA,"Turkish","attempt2","noun"
"445","4870-6",55,"color_sufficient","socks_big_blue","blue boots, socks","color noun2, noun",NA,NA,NA,"Turkish","attempt2","noun"
"446","0031-a",6,"size_sufficient","dress_small_green","dress, small dress, smallest, green","noun, size noun, size, color",NA,NA,NA,"Turkish","attempt2","size noun"
"447","0031-a",7,"size_sufficient","apple_small_green","smallest apple, green apple","size noun, color noun",NA,NA,NA,"Turkish","attempt2","color noun"
"448","0031-a",13,"size_sufficient","ball_small_yellow","smallest, is this an egg, smallest egg yellow","size, noun2, size noun2 color",NA,NA,NA,"Turkish","attempt2","noun2"
"449","0031-a",18,"size_sufficient","button_big_blue","biggest ?, or button i-donâ€™t-know","size noun2, noun",NA,NA,NA,"Turkish","attempt2","noun"
"450","0031-a",19,"size_sufficient","clock_small_purple","clock, smallest clock, smallest clock, blue one","noun, size noun, size noun, color noun2",NA,NA,NA,"Turkish","attempt2","size noun"
"451","0031-a",30,"color_sufficient","socks_big_blue","blue socks, socks right","color noun, noun",NA,NA,NA,"Turkish","attempt2","noun"
"452","0031-a",46,"color_sufficient","lipstick_big_red","red lipstick, no red i-mean that pink little light red not but other red, weird red","color noun, neg color noun2 color2 mod2 color2 neg mod3 color, mod4 color",NA,NA,"kirmizi ruj kirmizi, hayir kirmizi derken o pembe biraz acik kirmizi degil de obur kirmizi, degisik kirmizi","Turkish","attempt2","neg color noun2 color2 mod2 color2 neg mod3 color"
"453","9173-1",7,"color_sufficient","scissors_small_green","tshirt scissors scissors ?, small scissors red not red, color, point(green)","noun2 noun noun ?, size noun color2 neg color2, COLOR, color",NA,"1","check order of color and negation again","CTSL","attempt2","size noun color2 neg color2"
"454","9173-1",8,"size_sufficient","balloon_big_pink","baloon point(pink) big, big","noun color size, size",NA,"1",NA,"CTSL","attempt2","size"
"455","9173-1",14,"size_sufficient","dress_small_blue","dress small point(blue) small, small","noun size color size, size",NA,"1",NA,"CTSL","attempt2","size"
"456","9173-1",22,"size_sufficient","key_big_silver","key small key small, point(color) big","noun size2 noun size2, color size",NA,"1","does he sign small or big?","CTSL","attempt2","color size"
"457","9173-1",37,"size_sufficient","apple_big_green","apple point(green) apple apple, point(screen) big","noun color noun noun, loc size",NA,"1",NA,"CTSL","attempt2","loc size"
"458","9173-1",54,"size_sufficient","chair_big_yellow","point(yellow) sit big, big big","color verb2 size, size size",NA,"1",NA,"CTSL","attempt2","size size"
"459","9173-1",55,"size_sufficient","ball_big_yellow","point(yellow) ball, big","color noun, size",NA,"1",NA,"CTSL","attempt2","size"
"460","5101-0",11,"size_sufficient","apple_big_green","green apple, big","color noun, size",NA,NA,NA,"Turkish","attempt2","size"
"461","5101-0",17,"size_sufficient","brush_big_blue","blue brush, big","color noun, size",NA,NA,NA,"Turkish","attempt2","size"
"462","5101-0",18,"size_sufficient","car_big_green","green, big","color, size",NA,NA,NA,"Turkish","attempt2","size"
"463","5101-0",23,"size_sufficient","flower_small_yellow","yellow flower, small","color noun, size",NA,NA,NA,"Turkish","attempt2","size"
"464","5101-0",30,"color_sufficient","scissors_big_green","green, green scissors","color, color noun",NA,NA,NA,"Turkish","attempt2","color noun"
"465","5101-0",41,"size_sufficient","bag_big_red","red bag big, big","color noun size, size",NA,NA,NA,"Turkish","attempt2","size"
"466","5101-0",50,"size_sufficient","knife_big_red","red knife, big","color noun, size",NA,NA,NA,"Turkish","attempt2","size"
"467","5101-0",60,"size_sufficient","button_big_blue","button, blue, big","noun, color, size",NA,NA,NA,"Turkish","attempt2","color"
"468","0881-8",6,"color_sufficient","lock_big_gold","lock lock big lock big lock big lock, door fit lock color point(color), point(yellow)","noun noun size noun size noun size noun, noun2 verb2 noun COLOR color, color",NA,"1",NA,"CTSL","attempt2","noun2 verb2 noun COLOR color"
"469","0881-8",7,"size_sufficient","cat_big_white","point(brown) big, bite","color size, verb2",NA,"1",NA,"CTSL","attempt2","verb2"
"470","0881-8",18,"size_sufficient","knife_big_red","knife, knife big point(red)","noun, noun size color",NA,"1",NA,"CTSL","attempt2","noun size color"
"471","0881-8",23,"size_sufficient","glasses_big_blue","glasses big glasses glasses point(blue)","noun size noun, noun color",NA,"1",NA,"CTSL","attempt2","noun color"
"472","0881-8",24,"size_sufficient","glove_big_orange","gloves point(orange), big gloves","noun color, size noun",NA,"1",NA,"CTSL","attempt2","size noun"
"473","0881-8",53,"size_sufficient","button_small_green","? point(green), circle","? color, noun2",NA,"1","what does she sign before pointing","CTSL","attempt2","noun2"
"474","0881-8",57,"size_sufficient","car_big_green","car point(green) big, big","noun color size, size",NA,"1",NA,"CTSL","attempt2","size"
"475","2062-e",12,"size_sufficient","cat_small_black","black cat, small","color noun, size",NA,NA,NA,"Turkish","attempt2","size"
"476","2062-e",21,"size_sufficient","button_big_blue","button big, blue","noun size, color",NA,NA,NA,"Turkish","attempt2","color"
"477","9458-d",14,"size_sufficient","key_big_silver","big big big key big, big big","size size size noun size, size size","big","0",NA,"CTSL","attempt2","size size"
"478","9458-d",20,"size_sufficient","dress_small_green","dress small dress point(screen), think not, point(green), small","noun size noun loc, verb2 neg, color, size","small","1",NA,"CTSL","attempt2","verb2 neg"
"479","9458-d",26,"color_sufficient","umbrella_small_green","umbrella rain umbrella, point(green)","noun noun2 noun, color",NA,"1",NA,"CTSL","attempt2","color"
"480","9458-d",36,"size_sufficient","knife_small_red","point(red) knife small, point(red)","color noun size, color",NA,"1",NA,"CTSL","attempt2","color"
"481","9458-d",41,"color_sufficient","pot_small_green","flames pot, point(blue)","noun2 noun, color",NA,"1",NA,"CTSL","attempt2","color"
"482","9458-d",45,"size_sufficient","clock_big_yellow","clock clock big small not big, point(green)","noun noun size size2 neg size, color",NA,"0",NA,"CTSL","attempt2","color"
"483","9458-d",48,"color_sufficient","scissors_small_blue","scisssors, point(blue)","noun, color",NA,"1",NA,"CTSL","attempt2","color"
"484","9458-d",55,"color_sufficient","pants_small_green","? pants small, point(green)","? noun size, color","blue","1","is the first sign blue or color?","CTSL","attempt2","color"
"485","7680-b",53,"size_sufficient","glove_big_orange","point(color), big","color, size",NA,"1",NA,"CTSL","attempt2","size"
"486","7680-b",57,"size_sufficient","button_big_blue","point(color), big","color, size",NA,"1",NA,"CTSL","attempt2","size"
"487","3434-9",6,"color_sufficient","skirt_small_blue","skirt, blue","noun, color",NA,NA,NA,"Turkish","attempt2","color"
"488","3434-9",58,"color_sufficient","lipstick_big_pink","lipstick pink, not, big","noun color, neg, size",NA,NA,NA,"Turkish","attempt2","neg"
"489","7120-3",28,"color_sufficient","scissors_big_green","scissors green, scissors","noun color, noun","scissors, green","0",NA,"CTSL","attempt2","noun"
"490","9178-6",7,"color_sufficient","lock_big_gold","key lock key lock lock, key lock","noun2 noun noun2 noun noun, noun2 noun",NA,NA,NA,"CTSL","attempt2","noun2 noun"
"491","9178-6",41,"size_sufficient","glove_big_green","glove, glove big","noun, noun size","glove, big",NA,NA,"CTSL","attempt2","noun size"
"492","9178-6",52,"color_sufficient","skirt_small_blue","skirt point(blue), skirt small skirt point(blue)","noun color, noun size noun color",NA,NA,NA,"CTSL","attempt2","noun size noun color"
"493","5082-3",10,"size_sufficient","glasses_small_blue","point(blue), glasses point(blue) big not small","color, noun color size2 neg size","big, small","1","negation","CTSL","attempt2","noun color size2 neg size"
"494","5082-3",20,"size_sufficient","knife_small_blue","knife small knife small, big not small","noun size noun size, size2 neg","big, not, small","0",NA,"CTSL","attempt2","size2 neg"
"495","5082-3",21,"size_sufficient","apple_small_red","apple big not small, apple small","noun size2 neg size, noun size","apple, big, not, small","0",NA,"CTSL","attempt2","noun size"
"496","5082-3",35,"size_sufficient","balloon_big_pink","point(pink), point(pink) balloon think big","color, color noun verb2 size","balloon","1",NA,"CTSL","attempt2","color noun verb2 size"
"497","2269-9",6,"color_sufficient","tie_big_red","tie, tie neck, neck, red tie, point(red)","noun, noun noun2, noun2, color noun, color",NA,"1",NA,"CTSL","attempt2","noun noun2"
"498","2269-9",7,"color_sufficient","lipstick_small_red","point(red), lipstick, small lipstick, not small point(red)-small","color, noun, size noun, neg size color-size",NA,"1",NA,"CTSL","attempt2","noun"
"499","2269-9",9,"size_sufficient","cat_small_black","cat cat, small","noun noun, size",NA,NA,NA,"CTSL","attempt2","size"
"500","2269-9",10,"size_sufficient","glasses_big_blue","glasses point(blue), big","noun color, size",NA,"1",NA,"CTSL","attempt2","size"
"501","2269-9",11,"color_sufficient","lock_big_silver","lock lock big, point(gray)","noun noun size, color",NA,"1",NA,"CTSL","attempt2","color"
"502","2269-9",42,"size_sufficient","car_big_green","car point(green) car, big","noun color noun, size",NA,"1",NA,"CTSL","attempt2","size"
"503","2269-9",43,"size_sufficient","button_big_green","button point(green), big","noun color, size",NA,"1",NA,"CTSL","attempt2","size"
"504","2269-9",48,"size_sufficient","balloon_big_pink","baloon big point(pink), big","noun size color, size",NA,"1",NA,"CTSL","attempt2","size"
"505","2269-9",58,"size_sufficient","knife_small_red","knife point(red) small, small, point(red)","noun color size, size, color",NA,"1",NA,"CTSL","attempt2","size"
"506","7597-b",6,"size_sufficient","apple_small_green","apple small apple small, small what apple small","noun size noun size, size QUESTION noun size",NA,NA,NA,"CTSL","attempt2","size QUESTION noun size"
"507","7597-b",32,"size_sufficient","flower_big_yellow","flower color point(yellow) big, flower big","noun clr color size, noun size",NA,"1",NA,"CTSL","attempt2","noun size"
"508","7597-b",35,"size_sufficient","glove_big_orange","glove wash glove point(orange), glove big","noun verb2 noun color, noun size",NA,"1",NA,"CTSL","attempt2","noun size"
"509","7597-b",42,"size_sufficient","ball_big_purple","ball color point(purple) big, big","noun clr color size, size",NA,"1",NA,"CTSL","attempt2","size"
"510","7597-b",44,"size_sufficient","key_big_silver","key door key big, big","noun noun2 noun size, size",NA,NA,NA,"CTSL","attempt2","size"
"511","7597-b",48,"color_sufficient","toothbrush_big_green","toothbrush color point(green), toothbrush big","noun clr color, noun size",NA,"1",NA,"CTSL","attempt2","noun size"
"512","3743-d",17,"color_sufficient","toothbrush_small_purple","toothbrush, small toothbrush small point(purple)","noun, size noun size color",NA,NA,NA,"CTSL","attempt2","size noun size color"
"513","3743-d",33,"size_sufficient","ball_big_yellow","ball ball bounce ball big ball, big ball point(yellow), big point(yellow), big big","noun noun verb2 noun size noun, size noun color, size color, size size","ball",NA,NA,"CTSL","attempt2","size noun color"
"514","3743-d",49,"size_sufficient","key_big_gold","key big key big, key","noun size noun size, noun",NA,NA,NA,"CTSL","attempt2","noun"
"515","3743-d",51,"size_sufficient","cat_big_black","cat big big, big point(blue) big, cat","noun size size, size color size, noun",NA,NA,NA,"CTSL","attempt2","size color size"
"516","3743-d",55,"size_sufficient","glasses_big_red","glasses, big glasses big point(pink)","noun, size noun size color",NA,NA,NA,"CTSL","attempt2","size noun size color"
"517","1535-6",8,"color_sufficient","umbrella_big_green","umbrella, point(screen)","noun, loc",NA,"0","no crayons","CTSL","attempt2","loc"
"518","1535-6",11,"size_sufficient","dress_small_green","dress, point(screen), small","noun, loc, size","long","0","all separate attempts","CTSL","attempt2","loc"
"519","1535-6",26,"size_sufficient","car_small_blue","car small point(blue), small","noun size color, size","small","1",NA,"CTSL","attempt2","size"
"520","1535-6",50,"color_sufficient","lock_big_gold","key three not color other color, color other one color one","noun num2 neg COLOR OTHER COLOR, COLOR OTHER num COLOR num",NA,"0","interesting strategy","CTSL","attempt2","COLOR OTHER num COLOR num"
"521","0031-a",6,"size_sufficient","dress_small_green","dress, small dress, smallest, green","noun, size noun, size, color",NA,NA,NA,"Turkish","attempt3","size"
"522","0031-a",13,"size_sufficient","ball_small_yellow","smallest, is this an egg, smallest egg yellow","size, noun2, size noun2 color",NA,NA,NA,"Turkish","attempt3","size noun2 color"
"523","0031-a",19,"size_sufficient","clock_small_purple","clock, smallest clock, smallest clock, blue one","noun, size noun, size noun, color noun2",NA,NA,NA,"Turkish","attempt3","size noun"
"524","0031-a",46,"color_sufficient","lipstick_big_red","red lipstick, no red i-mean that pink little light red not but other red, weird red","color noun, neg color noun2 color2 mod2 color2 neg mod3 color, mod4 color",NA,NA,"kirmizi ruj kirmizi, hayir kirmizi derken o pembe biraz acik kirmizi degil de obur kirmizi, degisik kirmizi","Turkish","attempt3","mod4 color"
"525","9173-1",7,"color_sufficient","scissors_small_green","tshirt scissors scissors ?, small scissors red not red, color, point(green)","noun2 noun noun ?, size noun color2 neg color2, COLOR, color",NA,"1","check order of color and negation again","CTSL","attempt3","COLOR"
"526","5101-0",60,"size_sufficient","button_big_blue","button, blue, big","noun, color, size",NA,NA,NA,"Turkish","attempt3","size"
"527","0881-8",6,"color_sufficient","lock_big_gold","lock lock big lock big lock big lock, door fit lock color point(color), point(yellow)","noun noun size noun size noun size noun, noun2 verb2 noun COLOR color, color",NA,"1",NA,"CTSL","attempt3","color"
"528","9458-d",20,"size_sufficient","dress_small_green","dress small dress point(screen), think not, point(green), small","noun size noun loc, verb2 neg, color, size","small","1",NA,"CTSL","attempt3","color"
"529","3434-9",58,"color_sufficient","lipstick_big_pink","lipstick pink, not, big","noun color, neg, size",NA,NA,NA,"Turkish","attempt3","size"
"530","2269-9",6,"color_sufficient","tie_big_red","tie, tie neck, neck, red tie, point(red)","noun, noun noun2, noun2, color noun, color",NA,"1",NA,"CTSL","attempt3","noun2"
"531","2269-9",7,"color_sufficient","lipstick_small_red","point(red), lipstick, small lipstick, not small point(red)-small","color, noun, size noun, neg size color-size",NA,"1",NA,"CTSL","attempt3","size noun"
"532","2269-9",58,"size_sufficient","knife_small_red","knife point(red) small, small, point(red)","noun color size, size, color",NA,"1",NA,"CTSL","attempt3","color"
"533","3743-d",33,"size_sufficient","ball_big_yellow","ball ball bounce ball big ball, big ball point(yellow), big point(yellow), big big","noun noun verb2 noun size noun, size noun color, size color, size size","ball",NA,NA,"CTSL","attempt3","size color"
"534","3743-d",51,"size_sufficient","cat_big_black","cat big big, big point(blue) big, cat","noun size size, size color size, noun",NA,NA,NA,"CTSL","attempt3","noun"
"535","1535-6",11,"size_sufficient","dress_small_green","dress, point(screen), small","noun, loc, size","long","0","all separate attempts","CTSL","attempt3","size"
"536","0031-a",6,"size_sufficient","dress_small_green","dress, small dress, smallest, green","noun, size noun, size, color",NA,NA,NA,"Turkish","attempt4","color"
"537","0031-a",19,"size_sufficient","clock_small_purple","clock, smallest clock, smallest clock, blue one","noun, size noun, size noun, color noun2",NA,NA,NA,"Turkish","attempt4","color noun2"
"538","9173-1",7,"color_sufficient","scissors_small_green","tshirt scissors scissors ?, small scissors red not red, color, point(green)","noun2 noun noun ?, size noun color2 neg color2, COLOR, color",NA,"1","check order of color and negation again","CTSL","attempt4","color"
"539","9458-d",20,"size_sufficient","dress_small_green","dress small dress point(screen), think not, point(green), small","noun size noun loc, verb2 neg, color, size","small","1",NA,"CTSL","attempt4","size"
"540","2269-9",6,"color_sufficient","tie_big_red","tie, tie neck, neck, red tie, point(red)","noun, noun noun2, noun2, color noun, color",NA,"1",NA,"CTSL","attempt4","color noun"
"541","2269-9",7,"color_sufficient","lipstick_small_red","point(red), lipstick, small lipstick, not small point(red)-small","color, noun, size noun, neg size color-size",NA,"1",NA,"CTSL","attempt4","neg size color-size"
"542","3743-d",33,"size_sufficient","ball_big_yellow","ball ball bounce ball big ball, big ball point(yellow), big point(yellow), big big","noun noun verb2 noun size noun, size noun color, size color, size size","ball",NA,NA,"CTSL","attempt4","size size"
"543","2269-9",6,"color_sufficient","tie_big_red","tie, tie neck, neck, red tie, point(red)","noun, noun noun2, noun2, color noun, color",NA,"1",NA,"CTSL","attempt5","color"
