"","gameId","roundNumber","condition","size","color","othercolor","item","response"
"1","4762-9",6,"size31","size","color","othercolor","item","size"
"2","4762-9",7,"color31","size","color","othercolor","item","color"
"3","4762-9",8,"color31","size","color","othercolor","item","color"
"4","4762-9",9,"size31","size","color","othercolor","item","size_color"
"5","4762-9",11,"size31","size","color","othercolor","item","size"
"6","4762-9",12,"color31","size","color","othercolor","item","color"
"7","4762-9",13,"color31","size","color","othercolor","item","color"
"8","4762-9",16,"color31","size","color","othercolor","item","color"
"9","4762-9",18,"color31","size","color","othercolor","item","color"
"10","4762-9",20,"size31","size","color","othercolor","item","size_color"
"11","4762-9",21,"size31","size","color","othercolor","item","size_color"
"12","4762-9",23,"color31","size","color","othercolor","item","color"
"13","4762-9",24,"size31","size","color","othercolor","item","size_color"
"14","4762-9",29,"size31","size","color","othercolor","item","size_color"
"15","4762-9",30,"size31","size","color","othercolor","item","size_color"
"16","4762-9",31,"color31","size","color","othercolor","item","color"
"17","4762-9",33,"size31","size","color","othercolor","item","size_color"
"18","4762-9",36,"color31","size","color","othercolor","item","color"
"19","4762-9",40,"color31","size","color","othercolor","item","color"
"20","4762-9",41,"color31","size","color","othercolor","item","color"
"21","4762-9",42,"size31","size","color","othercolor","item","size_color"
"22","4762-9",43,"color31","size","color","othercolor","item","color"
"23","4762-9",46,"color31","size","color","othercolor","item","color"
"24","4762-9",47,"size31","size","color","othercolor","item","size_color"
"25","4762-9",48,"size31","size","color","othercolor","item","size_color"
"26","4762-9",49,"color31","size","color","othercolor","item","color"
"27","4762-9",50,"size31","size","color","othercolor","item","size_color"
"28","4762-9",51,"size31","size","color","othercolor","item","size_color"
"29","4762-9",57,"size31","size","color","othercolor","item","size_color"
"30","4762-9",60,"size31","size","color","othercolor","item","size_color"
"31","2429-5",6,"size31","size","color","othercolor","item","size_color"
"32","2429-5",7,"color31","size","color","othercolor","item","color"
"33","2429-5",8,"color31","size","color","othercolor","item","color"
"34","2429-5",9,"size31","size","color","othercolor","item","size_color"
"35","2429-5",11,"size31","size","color","othercolor","item","size_color"
"36","2429-5",12,"size31","size","color","othercolor","item","size_color"
"37","2429-5",13,"size31","size","color","othercolor","item","size_color"
"38","2429-5",17,"color31","size","color","othercolor","item","color"
"39","2429-5",18,"size31","size","color","othercolor","item","size_color"
"40","2429-5",19,"size31","size","color","othercolor","item","size_color"
"41","2429-5",20,"color31","size","color","othercolor","item","color"
"42","2429-5",21,"size31","size","color","othercolor","item","size_color"
"43","2429-5",23,"color31","size","color","othercolor","item","color"
"44","2429-5",25,"color31","size","color","othercolor","item","color"
"45","2429-5",32,"color31","size","color","othercolor","item","color"
"46","2429-5",33,"color31","size","color","othercolor","item","color"
"47","2429-5",36,"size31","size","color","othercolor","item","size_color"
"48","2429-5",40,"color31","size","color","othercolor","item","color"
"49","2429-5",42,"size31","size","color","othercolor","item","size_color"
"50","2429-5",44,"size31","size","color","othercolor","item","size_color"
"51","2429-5",45,"color31","size","color","othercolor","item","color"
"52","2429-5",47,"color31","size","color","othercolor","item","color"
"53","2429-5",49,"size31","size","color","othercolor","item","size_color"
"54","2429-5",50,"size31","size","color","othercolor","item","size_color"
"55","2429-5",54,"color31","size","color","othercolor","item","color"
"56","2429-5",55,"color31","size","color","othercolor","item","color"
"57","2429-5",58,"size31","size","color","othercolor","item","size_color"
"58","2429-5",59,"color31","size","color","othercolor","item","color"
"59","2429-5",60,"size31","size","color","othercolor","item","size_color"
"60","0460-4",6,"size31","size","color","othercolor","item","size"
"61","0460-4",7,"size31","size","color","othercolor","item","size"
"62","0460-4",8,"size31","size","color","othercolor","item","color"
"63","0460-4",9,"size31","size","color","othercolor","item","size"
"64","0460-4",11,"color31","size","color","othercolor","item","color"
"65","0460-4",15,"color31","size","color","othercolor","item","color"
"66","0460-4",17,"color31","size","color","othercolor","item","color"
"67","0460-4",18,"color31","size","color","othercolor","item","color"
"68","0460-4",19,"size31","size","color","othercolor","item","size"
"69","0460-4",21,"size31","size","color","othercolor","item","size"
"70","0460-4",24,"color31","size","color","othercolor","item","color"
"71","0460-4",25,"color31","size","color","othercolor","item","color"
"72","0460-4",26,"color31","size","color","othercolor","item","color"
"73","0460-4",28,"color31","size","color","othercolor","item","color"
"74","0460-4",31,"size31","size","color","othercolor","item","size"
"75","0460-4",33,"size31","size","color","othercolor","item","size"
"76","0460-4",34,"color31","size","color","othercolor","item","color"
"77","0460-4",37,"size31","size","color","othercolor","item","size_color"
"78","0460-4",39,"size31","size","color","othercolor","item","size_color"
"79","0460-4",40,"color31","size","color","othercolor","item","color"
"80","0460-4",41,"color31","size","color","othercolor","item","color"
"81","0460-4",42,"size31","size","color","othercolor","item","size"
"82","0460-4",44,"size31","size","color","othercolor","item","size"
"83","0460-4",47,"size31","size","color","othercolor","item","size"
"84","0460-4",51,"color31","size","color","othercolor","item","color"
"85","0460-4",53,"color31","size","color","othercolor","item","color"
"86","0460-4",56,"color31","size","color","othercolor","item","color"
"87","0460-4",57,"size31","size","color","othercolor","item","size"
"88","0460-4",59,"size31","size","color","othercolor","item","size"
"89","0460-4",60,"size31","size","color","othercolor","item","size"
"90","6611-1",6,"size31","size","color","othercolor","item","size_color"
"91","6611-1",8,"size31","size","color","othercolor","item","size_color"
"92","6611-1",10,"size31","size","color","othercolor","item","size_color"
"93","6611-1",11,"size31","size","color","othercolor","item","size_color"
"94","6611-1",12,"size31","size","color","othercolor","item","size"
"95","2180-1",6,"color31","size","color","othercolor","item","color"
"96","2180-1",7,"size31","size","color","othercolor","item","size_color"
"97","2180-1",8,"color31","size","color","othercolor","item","color"
"98","2180-1",9,"size31","size","color","othercolor","item","size_color"
"99","2180-1",12,"size31","size","color","othercolor","item","size_color"
"100","2180-1",13,"color31","size","color","othercolor","item","color"
"101","2180-1",14,"size31","size","color","othercolor","item","size_color"
"102","2180-1",15,"color31","size","color","othercolor","item","color"
"103","2180-1",16,"color31","size","color","othercolor","item","color"
"104","2180-1",19,"size31","size","color","othercolor","item","size_color"
"105","2180-1",21,"color31","size","color","othercolor","item","color"
"106","2180-1",23,"color31","size","color","othercolor","item","color"
"107","2180-1",29,"color31","size","color","othercolor","item","color"
"108","2180-1",30,"size31","size","color","othercolor","item","size_color"
"109","2180-1",31,"size31","size","color","othercolor","item","size_color"
"110","2180-1",32,"size31","size","color","othercolor","item","size_color"
"111","2180-1",33,"size31","size","color","othercolor","item","size_color"
"112","2180-1",35,"color31","size","color","othercolor","item","color"
"113","2180-1",36,"color31","size","color","othercolor","item","color"
"114","2180-1",41,"size31","size","color","othercolor","item","size_color"
"115","2180-1",42,"color31","size","color","othercolor","item","color"
"116","2180-1",44,"size31","size","color","othercolor","item","size_color"
"117","2180-1",47,"size31","size","color","othercolor","item","size_color"
"118","2180-1",48,"color31","size","color","othercolor","item","color"
"119","2180-1",51,"color31","size","color","othercolor","item","color"
"120","2180-1",52,"color31","size","color","othercolor","item","color"
"121","2180-1",53,"size31","size","color","othercolor","item","size_color"
"122","2180-1",54,"size31","size","color","othercolor","item","size_color"
"123","2180-1",60,"size31","size","color","othercolor","item","size_color"
"124","7175-2",6,"size31","size","color","othercolor","item","size_color"
"125","7175-2",7,"size31","size","color","othercolor","item","size_color"
"126","7175-2",11,"color31","size","color","othercolor","item","color"
"127","7175-2",12,"size31","size","color","othercolor","item","size_color"
"128","7175-2",14,"size31","size","color","othercolor","item","size_color"
"129","7175-2",16,"size31","size","color","othercolor","item","size_color"
"130","7175-2",17,"color31","size","color","othercolor","item","color"
"131","7175-2",18,"color31","size","color","othercolor","item","color"
"132","7175-2",21,"size31","size","color","othercolor","item","size_color"
"133","7175-2",22,"size31","size","color","othercolor","item","size_color"
"134","7175-2",24,"color31","size","color","othercolor","item","size_color"
"135","7175-2",25,"color31","size","color","othercolor","item","color"
"136","7175-2",26,"color31","size","color","othercolor","item","color"
"137","7175-2",27,"color31","size","color","othercolor","item","color"
"138","7175-2",29,"color31","size","color","othercolor","item","color"
"139","7175-2",32,"size31","size","color","othercolor","item","color"
"140","7175-2",35,"size31","size","color","othercolor","item","size_color"
"141","7175-2",36,"size31","size","color","othercolor","item","size_color"
"142","7175-2",38,"color31","size","color","othercolor","item","color"
"143","7175-2",39,"color31","size","color","othercolor","item","color"
"144","7175-2",41,"color31","size","color","othercolor","item","color"
"145","7175-2",43,"color31","size","color","othercolor","item","color"
"146","7175-2",44,"size31","size","color","othercolor","item","size_color"
"147","7175-2",46,"size31","size","color","othercolor","item","size_color"
"148","7175-2",47,"size31","size","color","othercolor","item","size_color"
"149","7175-2",50,"size31","size","color","othercolor","item","size_color"
"150","7175-2",51,"color31","size","color","othercolor","item","color"
"151","7175-2",54,"size31","size","color","othercolor","item","size_color"
"152","7175-2",57,"size31","size","color","othercolor","item","size_color"
"153","7276-a",6,"size31","size","color","othercolor","item","size"
"154","7276-a",7,"size31","size","color","othercolor","item","size_color"
"155","7276-a",8,"color31","size","color","othercolor","item","color"
"156","7276-a",9,"size31","size","color","othercolor","item","size_color"
"157","3421-d",8,"size31","size","color","othercolor","item","size"
"158","3421-d",9,"size31","size","color","othercolor","item","size"
"159","6191-a",6,"color31","size","color","othercolor","item","color"
"160","0834-b",6,"size31","size","color","othercolor","item","size"
"161","0834-b",7,"size31","size","color","othercolor","item","size_color"
"162","0834-b",8,"size31","size","color","othercolor","item","size_color"
"163","0834-b",10,"size31","size","color","othercolor","item","size_color"
"164","0834-b",11,"size31","size","color","othercolor","item","size_color"
"165","0834-b",12,"size31","size","color","othercolor","item","size_color"
"166","0834-b",15,"color31","size","color","othercolor","item","color"
"167","0834-b",16,"size31","size","color","othercolor","item","size"
"168","0834-b",19,"color31","size","color","othercolor","item","color"
"169","0834-b",21,"size31","size","color","othercolor","item","size_color"
"170","0834-b",23,"size31","size","color","othercolor","item","size_color"
"171","0834-b",24,"color31","size","color","othercolor","item","color"
"172","0834-b",25,"color31","size","color","othercolor","item","color"
"173","0834-b",27,"size31","size","color","othercolor","item","size_color"
"174","0834-b",31,"color31","size","color","othercolor","item","color"
"175","0834-b",32,"size31","size","color","othercolor","item","size_color"
"176","0834-b",34,"size31","size","color","othercolor","item","color"
"177","0834-b",35,"color31","size","color","othercolor","item","color"
"178","0834-b",37,"color31","size","color","othercolor","item","color"
"179","0834-b",41,"color31","size","color","othercolor","item","color"
"180","0834-b",46,"color31","size","color","othercolor","item","color"
"181","0834-b",48,"color31","size","color","othercolor","item","color"
"182","0834-b",49,"size31","size","color","othercolor","item","size"
"183","0834-b",52,"color31","size","color","othercolor","item","size_color"
"184","0834-b",55,"color31","size","color","othercolor","item","color"
"185","0834-b",56,"size31","size","color","othercolor","item","size_color"
"186","0834-b",57,"size31","size","color","othercolor","item","size_color"
"187","0834-b",58,"color31","size","color","othercolor","item","color"
"188","0834-b",59,"color31","size","color","othercolor","item","color"
"189","0834-b",60,"size31","size","color","othercolor","item","size"
"190","6362-d",6,"size31","size","color","othercolor","item","size_color"
"191","6362-d",7,"size31","size","color","othercolor","item","size_color"
"192","6362-d",8,"color31","size","color","othercolor","item","color"
"193","6362-d",10,"size31","size","color","othercolor","item","size_color"
"194","6362-d",11,"size31","size","color","othercolor","item","color"
"195","6362-d",12,"size31","size","color","othercolor","item","size_color"
"196","6362-d",15,"color31","size","color","othercolor","item","color"
"197","6362-d",16,"size31","size","color","othercolor","item","size_color"
"198","6362-d",17,"color31","size","color","othercolor","item","color"
"199","6362-d",19,"color31","size","color","othercolor","item","color"
"200","6362-d",20,"color31","size","color","othercolor","item","color"
"201","6362-d",27,"color31","size","color","othercolor","item","color"
"202","6362-d",29,"size31","size","color","othercolor","item","size_color"
"203","6362-d",31,"color31","size","color","othercolor","item","color"
"204","6362-d",32,"size31","size","color","othercolor","item","size_color"
"205","6362-d",34,"size31","size","color","othercolor","item","size_color"
"206","6362-d",38,"size31","size","color","othercolor","item","size_color"
"207","6362-d",39,"size31","size","color","othercolor","item","size_color"
"208","6362-d",40,"color31","size","color","othercolor","item","color"
"209","6362-d",44,"size31","size","color","othercolor","item","size_color"
"210","6362-d",45,"size31","size","color","othercolor","item","size_color"
"211","6362-d",47,"color31","size","color","othercolor","item","color"
"212","6362-d",49,"color31","size","color","othercolor","item","color"
"213","6362-d",50,"color31","size","color","othercolor","item","color"
"214","6362-d",52,"color31","size","color","othercolor","item","color"
"215","6362-d",53,"size31","size","color","othercolor","item","size_color"
"216","6362-d",55,"size31","size","color","othercolor","item","size_color"
"217","6362-d",57,"color31","size","color","othercolor","item","color"
"218","6362-d",58,"color31","size","color","othercolor","item","color"
"219","6362-d",60,"size31","size","color","othercolor","item","size_color"
"220","1884-8",6,"size31","size","color","othercolor","item","size"
"221","1884-8",11,"size31","size","color","othercolor","item","size"
"222","1884-8",14,"size31","size","color","othercolor","item","size"
"223","1884-8",18,"size31","size","color","othercolor","item","size"
"224","1884-8",19,"size31","size","color","othercolor","item","size"
"225","7658-1",6,"size31","size","color","othercolor","item","size"
"226","7658-1",7,"size31","size","color","othercolor","item","size"
"227","7658-1",9,"size31","size","color","othercolor","item","size"
"228","7658-1",10,"size31","size","color","othercolor","item","size"
"229","7658-1",12,"color31","size","color","othercolor","item","color"
"230","7658-1",13,"size31","size","color","othercolor","item","size"
"231","7658-1",16,"size31","size","color","othercolor","item","size"
"232","7658-1",18,"color31","size","color","othercolor","item","color"
"233","7658-1",19,"color31","size","color","othercolor","item","color"
"234","7658-1",21,"size31","size","color","othercolor","item","size"
"235","7658-1",23,"color31","size","color","othercolor","item","color"
"236","7658-1",25,"color31","size","color","othercolor","item","color"
"237","7658-1",26,"size31","size","color","othercolor","item","size"
"238","7658-1",31,"size31","size","color","othercolor","item","size"
"239","7658-1",32,"size31","size","color","othercolor","item","size"
"240","7658-1",33,"color31","size","color","othercolor","item","size_color"
"241","7658-1",37,"color31","size","color","othercolor","item","color"
"242","7658-1",38,"color31","size","color","othercolor","item","size_color"
"243","7658-1",40,"color31","size","color","othercolor","item","color"
"244","7658-1",42,"size31","size","color","othercolor","item","size"
"245","7658-1",43,"color31","size","color","othercolor","item","color"
"246","7658-1",44,"color31","size","color","othercolor","item","color"
"247","7658-1",46,"color31","size","color","othercolor","item","color"
"248","7658-1",47,"size31","size","color","othercolor","item","size"
"249","7658-1",48,"size31","size","color","othercolor","item","size"
"250","7658-1",52,"size31","size","color","othercolor","item","size"
"251","7658-1",58,"color31","size","color","othercolor","item","color"
"252","7658-1",60,"size31","size","color","othercolor","item","size"
"253","3187-1",8,"size31","size","color","othercolor","item","size"
"254","3187-1",13,"size31","size","color","othercolor","item","size_color"
"255","3187-1",14,"color31","size","color","othercolor","item","color"
"256","3187-1",17,"size31","size","color","othercolor","item","size"
"257","3187-1",18,"size31","size","color","othercolor","item","size"
"258","3187-1",19,"color31","size","color","othercolor","item","color"
"259","3187-1",20,"size31","size","color","othercolor","item","size"
"260","3187-1",21,"color31","size","color","othercolor","item","color"
"261","3187-1",23,"size31","size","color","othercolor","item","size"
"262","3187-1",24,"color31","size","color","othercolor","item","color"
"263","3187-1",26,"color31","size","color","othercolor","item","color"
"264","3187-1",29,"color31","size","color","othercolor","item","color"
"265","3187-1",36,"color31","size","color","othercolor","item","color"
"266","3187-1",37,"size31","size","color","othercolor","item","size"
"267","3187-1",38,"size31","size","color","othercolor","item","size"
"268","3187-1",39,"color31","size","color","othercolor","item","color"
"269","3187-1",40,"size31","size","color","othercolor","item","size"
"270","3187-1",42,"color31","size","color","othercolor","item","color"
"271","3187-1",43,"size31","size","color","othercolor","item","size"
"272","3187-1",45,"size31","size","color","othercolor","item","size"
"273","3187-1",46,"color31","size","color","othercolor","item","color"
"274","3187-1",47,"color31","size","color","othercolor","item","color"
"275","3187-1",49,"size31","size","color","othercolor","item","size"
"276","3187-1",50,"color31","size","color","othercolor","item","color"
"277","3187-1",52,"size31","size","color","othercolor","item","size"
"278","3187-1",54,"size31","size","color","othercolor","item","size"
"279","3187-1",58,"color31","size","color","othercolor","item","color"
"280","3187-1",60,"color31","size","color","othercolor","item","color"
"281","6326-d",6,"color31","size","color","othercolor","item","color"
"282","6326-d",9,"size31","size","color","othercolor","item","size"
"283","6326-d",10,"color31","size","color","othercolor","item","color"
"284","6326-d",11,"size31","size","color","othercolor","item","size"
"285","6326-d",12,"color31","size","color","othercolor","item","color"
"286","6326-d",13,"color31","size","color","othercolor","item","color"
"287","6326-d",14,"size31","size","color","othercolor","item","size"
"288","6326-d",16,"size31","size","color","othercolor","item","size"
"289","6326-d",17,"size31","size","color","othercolor","item","size"
"290","6326-d",19,"color31","size","color","othercolor","item","color"
"291","6326-d",21,"size31","size","color","othercolor","item","size"
"292","6326-d",22,"size31","size","color","othercolor","item","size_color"
"293","6326-d",23,"color31","size","color","othercolor","item","color"
"294","6326-d",25,"size31","size","color","othercolor","item","size"
"295","6326-d",26,"size31","size","color","othercolor","item","color"
"296","6326-d",27,"color31","size","color","othercolor","item","color"
"297","6326-d",28,"size31","size","color","othercolor","item","size"
"298","6326-d",30,"color31","size","color","othercolor","item","color"
"299","6326-d",32,"size31","size","color","othercolor","item","size"
"300","6326-d",35,"size31","size","color","othercolor","item","size"
"301","6326-d",38,"color31","size","color","othercolor","item","color"
"302","6326-d",42,"color31","size","color","othercolor","item","color"
"303","6326-d",44,"size31","size","color","othercolor","item","size"
"304","6326-d",47,"color31","size","color","othercolor","item","color"
"305","6326-d",48,"size31","size","color","othercolor","item","size"
"306","6326-d",53,"size31","size","color","othercolor","item","size"
"307","6326-d",58,"size31","size","color","othercolor","item","size"
"308","6326-d",59,"color31","size","color","othercolor","item","color"
"309","6326-d",60,"color31","size","color","othercolor","item","color"
"310","7368-d",9,"size31","size","color","othercolor","item","size_color"
"311","7368-d",11,"size31","size","color","othercolor","item","size_color"
"312","7368-d",15,"size31","size","color","othercolor","item","size_color"
"313","7368-d",16,"size31","size","color","othercolor","item","size_color"
"314","7368-d",18,"size31","size","color","othercolor","item","size_color"
"315","7368-d",19,"size31","size","color","othercolor","item","size_color"
"316","7368-d",22,"size31","size","color","othercolor","item","size_color"
"317","7368-d",23,"color31","size","color","othercolor","item","color"
"318","7368-d",24,"color31","size","color","othercolor","item","color"
"319","7368-d",28,"size31","size","color","othercolor","item","size_color"
"320","7368-d",29,"color31","size","color","othercolor","item","color"
"321","7368-d",31,"color31","size","color","othercolor","item","color"
"322","7368-d",35,"color31","size","color","othercolor","item","color"
"323","7368-d",37,"color31","size","color","othercolor","item","color"
"324","7368-d",38,"size31","size","color","othercolor","item","size_color"
"325","7368-d",40,"color31","size","color","othercolor","item","color"
"326","7368-d",42,"color31","size","color","othercolor","item","color"
"327","7368-d",44,"size31","size","color","othercolor","item","size_color"
"328","7368-d",45,"size31","size","color","othercolor","item","size_color"
"329","7368-d",48,"color31","size","color","othercolor","item","color"
"330","7368-d",50,"color31","size","color","othercolor","item","color"
"331","7368-d",52,"size31","size","color","othercolor","item","size_color"
"332","7368-d",53,"color31","size","color","othercolor","item","color"
"333","7368-d",57,"size31","size","color","othercolor","item","size_color"
"334","7368-d",58,"size31","size","color","othercolor","item","size_color"
"335","7368-d",59,"color31","size","color","othercolor","item","color"
"336","7368-d",60,"size31","size","color","othercolor","item","size_color"
"337","3571-e",6,"color31","size","color","othercolor","item","color"
"338","3571-e",8,"color31","size","color","othercolor","item","color"
"339","3571-e",14,"color31","size","color","othercolor","item","color"
"340","3571-e",15,"color31","size","color","othercolor","item","color"
"341","3571-e",16,"size31","size","color","othercolor","item","size_color"
"342","3571-e",18,"size31","size","color","othercolor","item","size"
"343","3571-e",24,"color31","size","color","othercolor","item","color"
"344","3571-e",25,"size31","size","color","othercolor","item","size"
"345","3571-e",26,"size31","size","color","othercolor","item","size"
"346","3571-e",27,"size31","size","color","othercolor","item","size"
"347","3571-e",28,"size31","size","color","othercolor","item","size"
"348","3571-e",43,"size31","size","color","othercolor","item","size"
"349","3571-e",46,"size31","size","color","othercolor","item","size"
"350","3571-e",47,"size31","size","color","othercolor","item","size"
"351","3571-e",48,"size31","size","color","othercolor","item","size"
"352","3571-e",49,"size31","size","color","othercolor","item","size"
"353","3571-e",50,"size31","size","color","othercolor","item","size"
"354","3571-e",56,"size31","size","color","othercolor","item","size"
"355","3571-e",60,"size31","size","color","othercolor","item","size"
"356","0049-5",6,"size31","size","color","othercolor","item","size_color"
"357","0049-5",7,"color31","size","color","othercolor","item","color"
"358","0049-5",9,"color31","size","color","othercolor","item","color"
"359","0049-5",10,"size31","size","color","othercolor","item","size_color"
"360","0049-5",11,"size31","size","color","othercolor","item","size_color"
"361","0049-5",12,"color31","size","color","othercolor","item","color"
"362","0049-5",14,"size31","size","color","othercolor","item","size_color"
"363","0049-5",16,"size31","size","color","othercolor","item","size_color"
"364","0049-5",17,"size31","size","color","othercolor","item","size_color"
"365","0049-5",19,"color31","size","color","othercolor","item","color"
"366","0049-5",28,"size31","size","color","othercolor","item","size_color"
"367","0049-5",29,"color31","size","color","othercolor","item","color"
"368","0049-5",30,"color31","size","color","othercolor","item","color"
"369","0049-5",34,"color31","size","color","othercolor","item","color"
"370","0049-5",35,"size31","size","color","othercolor","item","size_color"
"371","0049-5",36,"size31","size","color","othercolor","item","size_color"
"372","0049-5",38,"size31","size","color","othercolor","item","size_color"
"373","0049-5",39,"color31","size","color","othercolor","item","color"
"374","0049-5",40,"color31","size","color","othercolor","item","color"
"375","0049-5",43,"size31","size","color","othercolor","item","size_color"
"376","0049-5",44,"size31","size","color","othercolor","item","size_color"
"377","0049-5",46,"size31","size","color","othercolor","item","size_color"
"378","0049-5",47,"size31","size","color","othercolor","item","size_color"
"379","0049-5",49,"color31","size","color","othercolor","item","color"
"380","0049-5",50,"color31","size","color","othercolor","item","color"
"381","0049-5",51,"color31","size","color","othercolor","item","color"
"382","0049-5",53,"color31","size","color","othercolor","item","color"
"383","0049-5",54,"color31","size","color","othercolor","item","color"
"384","0049-5",57,"size31","size","color","othercolor","item","size_color"
"385","0049-5",58,"size31","size","color","othercolor","item","size_color"
"386","2334-6",8,"color31","size","color","othercolor","item","color"
"387","2334-6",9,"size31","size","color","othercolor","item","size"
"388","2334-6",11,"size31","size","color","othercolor","item","size_color"
"389","2334-6",15,"size31","size","color","othercolor","item","size_color"
"390","9368-4",6,"size31","size","color","othercolor","item","size_color"
"391","9368-4",7,"color31","size","color","othercolor","item","color"
"392","9368-4",10,"color31","size","color","othercolor","item","color"
"393","9368-4",12,"size31","size","color","othercolor","item","size_color"
"394","9368-4",14,"color31","size","color","othercolor","item","color"
"395","9368-4",16,"size31","size","color","othercolor","item","size_color"
"396","9368-4",17,"size31","size","color","othercolor","item","size_color"
"397","9368-4",18,"color31","size","color","othercolor","item","color"
"398","9368-4",21,"size31","size","color","othercolor","item","size_color"
"399","9368-4",23,"color31","size","color","othercolor","item","color"
"400","9368-4",24,"size31","size","color","othercolor","item","size_color"
"401","9368-4",26,"color31","size","color","othercolor","item","color"
"402","9368-4",28,"color31","size","color","othercolor","item","color"
"403","9368-4",29,"size31","size","color","othercolor","item","size"
"404","9368-4",31,"color31","size","color","othercolor","item","color"
"405","9368-4",32,"size31","size","color","othercolor","item","size"
"406","9368-4",33,"size31","size","color","othercolor","item","size_color"
"407","9368-4",34,"color31","size","color","othercolor","item","color"
"408","9368-4",35,"size31","size","color","othercolor","item","size_color"
"409","9368-4",36,"color31","size","color","othercolor","item","color"
"410","9368-4",38,"size31","size","color","othercolor","item","size_color"
"411","9368-4",40,"size31","size","color","othercolor","item","size_color"
"412","9368-4",41,"color31","size","color","othercolor","item","color"
"413","9368-4",42,"color31","size","color","othercolor","item","color"
"414","9368-4",43,"color31","size","color","othercolor","item","color"
"415","9368-4",50,"size31","size","color","othercolor","item","size"
"416","9368-4",53,"size31","size","color","othercolor","item","color"
"417","9368-4",54,"size31","size","color","othercolor","item","size_color"
"418","9368-4",59,"color31","size","color","othercolor","item","color"
"419","9368-4",60,"size31","size","color","othercolor","item","size_color"
"420","9549-9",7,"color31","size","color","othercolor","item","color"
"421","9549-9",8,"color31","size","color","othercolor","item","color"
"422","9549-9",11,"size31","size","color","othercolor","item","size"
"423","9549-9",12,"color31","size","color","othercolor","item","color"
"424","9549-9",13,"size31","size","color","othercolor","item","size"
"425","9549-9",16,"color31","size","color","othercolor","item","color"
"426","9549-9",18,"color31","size","color","othercolor","item","color"
"427","9549-9",19,"size31","size","color","othercolor","item","size"
"428","9549-9",23,"size31","size","color","othercolor","item","size"
"429","9549-9",24,"size31","size","color","othercolor","item","color"
"430","9549-9",26,"size31","size","color","othercolor","item","size"
"431","9549-9",29,"color31","size","color","othercolor","item","color"
"432","9549-9",34,"color31","size","color","othercolor","item","color"
"433","9549-9",38,"size31","size","color","othercolor","item","size"
"434","9549-9",39,"color31","size","color","othercolor","item","color"
"435","9549-9",40,"size31","size","color","othercolor","item","size"
"436","9549-9",42,"color31","size","color","othercolor","item","color"
"437","9549-9",43,"size31","size","color","othercolor","item","size"
"438","9549-9",44,"size31","size","color","othercolor","item","size"
"439","9549-9",46,"size31","size","color","othercolor","item","size"
"440","9549-9",49,"color31","size","color","othercolor","item","color"
"441","9549-9",50,"color31","size","color","othercolor","item","color"
"442","9549-9",51,"color31","size","color","othercolor","item","color"
"443","9549-9",52,"size31","size","color","othercolor","item","size"
"444","9549-9",53,"size31","size","color","othercolor","item","size"
"445","9549-9",54,"size31","size","color","othercolor","item","size"
"446","9549-9",58,"size31","size","color","othercolor","item","size"
"447","9549-9",60,"size31","size","color","othercolor","item","size"
"448","5235-8",6,"size31","size","color","othercolor","item","size_color"
"449","5235-8",7,"size31","size","color","othercolor","item","size_color"
"450","5235-8",9,"size31","size","color","othercolor","item","size_color"
"451","5235-8",11,"size31","size","color","othercolor","item","color"
"452","5235-8",12,"size31","size","color","othercolor","item","size_color"
"453","5235-8",15,"color31","size","color","othercolor","item","color"
"454","5235-8",17,"size31","size","color","othercolor","item","size_color"
"455","5235-8",18,"size31","size","color","othercolor","item","size_color"
"456","5235-8",19,"color31","size","color","othercolor","item","color"
"457","5235-8",20,"size31","size","color","othercolor","item","size_color"
"458","5235-8",21,"color31","size","color","othercolor","item","color"
"459","5235-8",30,"size31","size","color","othercolor","item","size_color"
"460","5235-8",31,"color31","size","color","othercolor","item","color"
"461","5235-8",32,"color31","size","color","othercolor","item","color"
"462","5235-8",34,"color31","size","color","othercolor","item","color"
"463","5235-8",36,"size31","size","color","othercolor","item","size_color"
"464","5235-8",37,"size31","size","color","othercolor","item","size_color"
"465","5235-8",42,"color31","size","color","othercolor","item","color"
"466","5235-8",43,"size31","size","color","othercolor","item","size_color"
"467","5235-8",44,"color31","size","color","othercolor","item","color"
"468","5235-8",47,"size31","size","color","othercolor","item","size_color"
"469","5235-8",49,"size31","size","color","othercolor","item","size_color"
"470","5235-8",50,"color31","size","color","othercolor","item","color"
"471","5235-8",51,"color31","size","color","othercolor","item","color"
"472","5235-8",52,"color31","size","color","othercolor","item","color"
"473","5235-8",54,"color31","size","color","othercolor","item","color"
"474","5235-8",55,"size31","size","color","othercolor","item","size_color"
"475","5235-8",56,"color31","size","color","othercolor","item","color"
"476","5235-8",58,"color31","size","color","othercolor","item","color"
"477","5235-8",60,"size31","size","color","othercolor","item","size_color"
"478","7353-8",9,"color31","size","color","othercolor","item","color"
"479","7353-8",11,"size31","size","color","othercolor","item","size"
"480","7353-8",13,"color31","size","color","othercolor","item","color"
"481","7353-8",14,"size31","size","color","othercolor","item","size"
"482","7353-8",16,"size31","size","color","othercolor","item","size"
"483","7353-8",19,"size31","size","color","othercolor","item","size"
"484","7353-8",21,"size31","size","color","othercolor","item","size"
"485","7353-8",23,"color31","size","color","othercolor","item","color"
"486","7353-8",24,"size31","size","color","othercolor","item","size"
"487","7353-8",27,"color31","size","color","othercolor","item","color"
"488","7353-8",28,"color31","size","color","othercolor","item","color"
"489","7353-8",29,"size31","size","color","othercolor","item","size"
"490","7353-8",30,"size31","size","color","othercolor","item","size"
"491","7353-8",31,"size31","size","color","othercolor","item","size"
"492","7353-8",32,"color31","size","color","othercolor","item","color"
"493","7353-8",33,"color31","size","color","othercolor","item","color"
"494","7353-8",38,"color31","size","color","othercolor","item","color"
"495","7353-8",40,"size31","size","color","othercolor","item","size_color"
"496","7353-8",42,"size31","size","color","othercolor","item","size"
"497","7353-8",43,"size31","size","color","othercolor","item","size"
"498","7353-8",45,"color31","size","color","othercolor","item","color"
"499","7353-8",47,"size31","size","color","othercolor","item","size"
"500","7353-8",49,"size31","size","color","othercolor","item","size"
"501","7353-8",52,"size31","size","color","othercolor","item","size"
"502","7353-8",55,"color31","size","color","othercolor","item","color"
"503","7353-8",56,"color31","size","color","othercolor","item","color"
"504","7353-8",57,"color31","size","color","othercolor","item","color"
"505","7353-8",59,"color31","size","color","othercolor","item","color"
"506","7353-8",60,"color31","size","color","othercolor","item","color"
"507","0837-8",6,"size31","size","color","othercolor","item","size_color"
"508","0837-8",7,"size31","size","color","othercolor","item","size_color"
"509","0837-8",10,"size31","size","color","othercolor","item","size_color"
"510","0837-8",14,"color31","size","color","othercolor","item","color"
"511","0837-8",16,"size31","size","color","othercolor","item","size"
"512","0837-8",18,"color31","size","color","othercolor","item","color"
"513","0837-8",19,"color31","size","color","othercolor","item","color"
"514","0837-8",20,"color31","size","color","othercolor","item","color"
"515","0837-8",21,"size31","size","color","othercolor","item","size_color"
"516","0837-8",23,"color31","size","color","othercolor","item","color"
"517","0837-8",26,"size31","size","color","othercolor","item","size"
"518","0837-8",29,"size31","size","color","othercolor","item","size"
"519","0837-8",31,"size31","size","color","othercolor","item","size"
"520","0837-8",33,"color31","size","color","othercolor","item","color"
"521","0837-8",35,"color31","size","color","othercolor","item","color"
"522","0837-8",38,"color31","size","color","othercolor","item","color"
"523","0837-8",39,"size31","size","color","othercolor","item","size_color"
"524","0837-8",40,"size31","size","color","othercolor","item","size"
"525","0837-8",42,"color31","size","color","othercolor","item","color"
"526","0837-8",43,"size31","size","color","othercolor","item","size_color"
"527","0837-8",44,"color31","size","color","othercolor","item","color"
"528","0837-8",45,"size31","size","color","othercolor","item","size_color"
"529","0837-8",50,"color31","size","color","othercolor","item","color"
"530","5003-b",6,"color31","size","color","othercolor","item","color"
"531","5003-b",9,"size31","size","color","othercolor","item","size_color"
"532","5003-b",13,"size31","size","color","othercolor","item","size_color"
"533","5003-b",14,"size31","size","color","othercolor","item","size_color"
"534","5003-b",18,"color31","size","color","othercolor","item","color"
"535","5003-b",19,"size31","size","color","othercolor","item","size_color"
"536","5003-b",20,"size31","size","color","othercolor","item","size_color"
"537","5003-b",21,"size31","size","color","othercolor","item","size_color"
"538","5003-b",23,"size31","size","color","othercolor","item","size_color"
"539","5003-b",24,"size31","size","color","othercolor","item","size_color"
"540","5003-b",25,"size31","size","color","othercolor","item","size_color"
"541","5003-b",28,"size31","size","color","othercolor","item","size_color"
"542","5003-b",29,"size31","size","color","othercolor","item","size_color"
"543","5003-b",31,"color31","size","color","othercolor","item","color"
"544","5003-b",32,"color31","size","color","othercolor","item","color"
"545","5003-b",37,"color31","size","color","othercolor","item","color"
"546","5003-b",38,"color31","size","color","othercolor","item","color"
"547","5003-b",39,"color31","size","color","othercolor","item","color"
"548","5003-b",40,"size31","size","color","othercolor","item","color"
"549","5003-b",41,"size31","size","color","othercolor","item","size"
"550","5003-b",43,"color31","size","color","othercolor","item","color"
"551","5003-b",45,"color31","size","color","othercolor","item","color"
"552","5003-b",46,"size31","size","color","othercolor","item","size"
"553","5003-b",47,"color31","size","color","othercolor","item","color"
"554","5003-b",48,"size31","size","color","othercolor","item","size"
"555","5003-b",50,"color31","size","color","othercolor","item","color"
"556","5003-b",52,"color31","size","color","othercolor","item","color"
"557","5003-b",54,"color31","size","color","othercolor","item","color"
"558","5003-b",55,"size31","size","color","othercolor","item","size"
"559","5003-b",60,"color31","size","color","othercolor","item","color"
"560","9279-7",11,"size31","size","color","othercolor","item","size_color"
"561","9279-7",12,"size31","size","color","othercolor","item","size"
"562","9279-7",13,"color31","size","color","othercolor","item","color"
"563","9279-7",14,"color31","size","color","othercolor","item","color"
"564","9279-7",15,"color31","size","color","othercolor","item","color"
"565","9279-7",18,"color31","size","color","othercolor","item","color"
"566","9279-7",19,"color31","size","color","othercolor","item","color"
"567","9279-7",20,"color31","size","color","othercolor","item","color"
"568","9279-7",21,"size31","size","color","othercolor","item","size"
"569","9279-7",24,"color31","size","color","othercolor","item","color"
"570","9279-7",26,"size31","size","color","othercolor","item","size"
"571","9279-7",28,"size31","size","color","othercolor","item","size"
"572","9279-7",29,"size31","size","color","othercolor","item","size"
"573","9279-7",34,"color31","size","color","othercolor","item","color"
"574","9279-7",35,"color31","size","color","othercolor","item","color"
"575","9279-7",41,"size31","size","color","othercolor","item","size"
"576","9279-7",43,"color31","size","color","othercolor","item","color"
"577","9279-7",44,"size31","size","color","othercolor","item","size"
"578","9279-7",47,"size31","size","color","othercolor","item","size"
"579","9279-7",48,"size31","size","color","othercolor","item","size"
"580","9279-7",49,"size31","size","color","othercolor","item","size"
"581","9279-7",51,"size31","size","color","othercolor","item","size"
"582","9279-7",54,"size31","size","color","othercolor","item","size"
"583","9279-7",55,"color31","size","color","othercolor","item","color"
"584","9279-7",56,"size31","size","color","othercolor","item","size"
"585","9279-7",60,"size31","size","color","othercolor","item","size_color"
"586","4372-a",7,"color31","size","color","othercolor","item","color"
"587","4372-a",9,"size31","size","color","othercolor","item","size_color"
"588","4372-a",10,"size31","size","color","othercolor","item","size_color"
"589","4372-a",13,"color31","size","color","othercolor","item","color"
"590","4372-a",17,"color31","size","color","othercolor","item","color"
"591","4372-a",18,"color31","size","color","othercolor","item","color"
"592","4372-a",20,"size31","size","color","othercolor","item","size"
"593","4372-a",21,"size31","size","color","othercolor","item","size_color"
"594","4372-a",23,"size31","size","color","othercolor","item","size"
"595","4372-a",25,"color31","size","color","othercolor","item","color"
"596","4372-a",28,"size31","size","color","othercolor","item","size"
"597","4372-a",30,"color31","size","color","othercolor","item","color"
"598","4372-a",31,"color31","size","color","othercolor","item","color"
"599","4372-a",32,"color31","size","color","othercolor","item","color"
"600","4372-a",34,"size31","size","color","othercolor","item","size_color"
"601","4372-a",35,"color31","size","color","othercolor","item","color"
"602","4372-a",37,"size31","size","color","othercolor","item","size_color"
"603","4372-a",38,"color31","size","color","othercolor","item","color"
"604","4372-a",42,"size31","size","color","othercolor","item","size_color"
"605","4372-a",43,"size31","size","color","othercolor","item","size_color"
"606","4372-a",45,"size31","size","color","othercolor","item","size_color"
"607","4372-a",46,"size31","size","color","othercolor","item","size"
"608","4372-a",49,"size31","size","color","othercolor","item","size_color"
"609","4372-a",50,"size31","size","color","othercolor","item","size_color"
"610","4372-a",54,"color31","size","color","othercolor","item","color"
"611","4372-a",57,"color31","size","color","othercolor","item","color"
"612","4372-a",58,"size31","size","color","othercolor","item","size_color"
"613","4372-a",59,"color31","size","color","othercolor","item","color"
"614","4372-a",60,"color31","size","color","othercolor","item","color"
"615","9994-6",6,"size31","size","color","othercolor","item","size_color"
"616","9994-6",7,"size31","size","color","othercolor","item","size_color"
"617","9994-6",10,"size31","size","color","othercolor","item","size_color"
"618","9994-6",11,"color31","size","color","othercolor","item","color"
"619","9994-6",13,"color31","size","color","othercolor","item","color"
"620","9994-6",15,"color31","size","color","othercolor","item","color"
"621","9994-6",16,"size31","size","color","othercolor","item","size"
"622","9994-6",18,"size31","size","color","othercolor","item","size_color"
"623","9994-6",19,"color31","size","color","othercolor","item","color"
"624","9994-6",20,"size31","size","color","othercolor","item","size_color"
"625","9994-6",22,"size31","size","color","othercolor","item","size_color"
"626","9994-6",28,"color31","size","color","othercolor","item","color"
"627","9994-6",29,"size31","size","color","othercolor","item","size_color"
"628","9994-6",30,"size31","size","color","othercolor","item","size_color"
"629","8313-7",7,"size31","size","color","othercolor","item","size"
"630","8313-7",13,"size31","size","color","othercolor","item","size"
"631","8313-7",17,"size31","size","color","othercolor","item","size"
"632","8313-7",26,"size31","size","color","othercolor","item","size"
"633","8313-7",28,"size31","size","color","othercolor","item","size"
"634","8313-7",33,"size31","size","color","othercolor","item","size"
"635","8313-7",35,"size31","size","color","othercolor","item","size"
"636","8313-7",39,"size31","size","color","othercolor","item","size"
"637","8313-7",40,"size31","size","color","othercolor","item","size"
"638","8313-7",42,"size31","size","color","othercolor","item","size"
"639","8313-7",49,"size31","size","color","othercolor","item","size"
"640","8313-7",51,"size31","size","color","othercolor","item","size"
"641","8313-7",53,"size31","size","color","othercolor","item","size"
"642","8313-7",54,"size31","size","color","othercolor","item","size"
"643","8313-7",56,"size31","size","color","othercolor","item","size"
"644","8450-3",6,"size31","size","color","othercolor","item","size"
"645","8450-3",7,"size31","size","color","othercolor","item","color"
"646","8450-3",8,"size31","size","color","othercolor","item","size_color"
"647","8450-3",9,"color31","size","color","othercolor","item","size_color"
"648","8450-3",13,"color31","size","color","othercolor","item","color"
"649","8450-3",15,"color31","size","color","othercolor","item","color"
"650","8450-3",16,"size31","size","color","othercolor","item","size_color"
"651","8450-3",18,"color31","size","color","othercolor","item","color"
"652","8450-3",19,"size31","size","color","othercolor","item","size_color"
"653","8450-3",31,"size31","size","color","othercolor","item","size_color"
"654","8450-3",32,"size31","size","color","othercolor","item","size_color"
"655","8450-3",33,"size31","size","color","othercolor","item","size_color"
"656","8450-3",34,"size31","size","color","othercolor","item","size_color"
"657","8450-3",37,"color31","size","color","othercolor","item","color"
"658","8450-3",39,"size31","size","color","othercolor","item","size_color"
"659","8450-3",42,"color31","size","color","othercolor","item","color"
"660","8450-3",43,"size31","size","color","othercolor","item","size_color"
"661","8450-3",44,"color31","size","color","othercolor","item","color"
"662","8450-3",45,"size31","size","color","othercolor","item","size_color"
"663","8450-3",46,"color31","size","color","othercolor","item","color"
"664","8450-3",47,"color31","size","color","othercolor","item","color"
"665","8450-3",48,"color31","size","color","othercolor","item","color"
"666","8450-3",49,"color31","size","color","othercolor","item","color"
"667","8450-3",52,"size31","size","color","othercolor","item","size"
"668","8450-3",53,"size31","size","color","othercolor","item","size"
"669","8450-3",54,"size31","size","color","othercolor","item","size"
"670","8450-3",56,"size31","size","color","othercolor","item","size"
"671","8450-3",57,"color31","size","color","othercolor","item","color"
"672","8085-9",8,"size31","size","color","othercolor","item","size"
"673","8085-9",11,"size31","size","color","othercolor","item","size"
"674","8085-9",15,"size31","size","color","othercolor","item","size"
"675","8085-9",19,"size31","size","color","othercolor","item","size"
"676","8085-9",20,"size31","size","color","othercolor","item","size"
"677","8085-9",21,"size31","size","color","othercolor","item","size"
"678","8085-9",27,"size31","size","color","othercolor","item","size"
"679","8085-9",29,"size31","size","color","othercolor","item","size"
"680","8085-9",34,"size31","size","color","othercolor","item","size"
"681","8085-9",35,"size31","size","color","othercolor","item","size"
"682","8085-9",37,"size31","size","color","othercolor","item","size"
"683","8085-9",39,"size31","size","color","othercolor","item","size"
"684","8085-9",41,"size31","size","color","othercolor","item","size"
"685","8085-9",52,"color31","size","color","othercolor","item","size_color"
"686","8085-9",55,"size31","size","color","othercolor","item","size"
"687","8085-9",56,"color31","size","color","othercolor","item","color"
"688","2220-4",6,"color31","size","color","othercolor","item","color"
"689","2220-4",8,"color31","size","color","othercolor","item","color"
"690","2220-4",11,"size31","size","color","othercolor","item","size"
"691","2220-4",12,"size31","size","color","othercolor","item","size"
"692","2220-4",14,"color31","size","color","othercolor","item","color"
"693","2220-4",15,"color31","size","color","othercolor","item","color"
"694","2220-4",16,"size31","size","color","othercolor","item","size_color"
"695","2220-4",18,"size31","size","color","othercolor","item","size_color"
"696","2220-4",20,"size31","size","color","othercolor","item","size"
"697","2220-4",23,"color31","size","color","othercolor","item","color"
"698","2220-4",25,"color31","size","color","othercolor","item","color"
"699","2220-4",26,"color31","size","color","othercolor","item","color"
"700","2220-4",28,"color31","size","color","othercolor","item","color"
"701","2220-4",31,"size31","size","color","othercolor","item","size_color"
"702","2220-4",32,"size31","size","color","othercolor","item","size"
"703","2220-4",33,"size31","size","color","othercolor","item","size"
"704","2220-4",36,"color31","size","color","othercolor","item","color"
"705","2220-4",38,"color31","size","color","othercolor","item","color"
"706","2220-4",39,"color31","size","color","othercolor","item","color"
"707","2220-4",40,"size31","size","color","othercolor","item","size"
"708","2220-4",41,"size31","size","color","othercolor","item","size"
"709","2220-4",45,"color31","size","color","othercolor","item","color"
"710","2220-4",47,"color31","size","color","othercolor","item","color"
"711","2220-4",49,"size31","size","color","othercolor","item","size"
"712","2220-4",51,"size31","size","color","othercolor","item","size"
"713","2220-4",52,"size31","size","color","othercolor","item","size_color"
"714","2220-4",55,"color31","size","color","othercolor","item","color"
"715","2220-4",56,"size31","size","color","othercolor","item","size"
"716","2220-4",58,"size31","size","color","othercolor","item","size_color"
"717","0108-5",7,"size31","size","color","othercolor","item","size_color"
"718","0108-5",10,"size31","size","color","othercolor","item","size_color"
"719","0108-5",14,"size31","size","color","othercolor","item","size_color"
"720","0108-5",18,"size31","size","color","othercolor","item","size"
"721","0108-5",23,"size31","size","color","othercolor","item","size"
"722","0108-5",24,"color31","size","color","othercolor","item","color"
"723","0108-5",25,"size31","size","color","othercolor","item","size"
"724","0108-5",26,"size31","size","color","othercolor","item","size"
"725","0108-5",27,"size31","size","color","othercolor","item","size"
"726","0108-5",30,"color31","size","color","othercolor","item","color"
"727","0108-5",31,"color31","size","color","othercolor","item","color"
"728","0108-5",32,"color31","size","color","othercolor","item","color"
"729","0108-5",33,"color31","size","color","othercolor","item","color"
"730","0108-5",34,"color31","size","color","othercolor","item","color"
"731","0108-5",36,"size31","size","color","othercolor","item","size"
"732","0108-5",37,"size31","size","color","othercolor","item","size"
"733","0108-5",39,"color31","size","color","othercolor","item","color"
"734","0108-5",41,"color31","size","color","othercolor","item","color"
"735","0108-5",42,"color31","size","color","othercolor","item","color"
"736","0108-5",43,"color31","size","color","othercolor","item","color"
"737","0108-5",44,"size31","size","color","othercolor","item","size_color"
"738","0108-5",45,"color31","size","color","othercolor","item","color"
"739","0108-5",48,"size31","size","color","othercolor","item","size"
"740","0108-5",51,"size31","size","color","othercolor","item","size"
"741","0108-5",53,"color31","size","color","othercolor","item","color"
"742","0108-5",55,"size31","size","color","othercolor","item","size"
"743","0108-5",57,"color31","size","color","othercolor","item","color"
"744","0108-5",58,"color31","size","color","othercolor","item","color"
"745","0108-5",59,"size31","size","color","othercolor","item","size"
"746","2113-1",8,"size31","size","color","othercolor","item","size_color"
"747","2113-1",9,"color31","size","color","othercolor","item","color"
"748","2113-1",10,"size31","size","color","othercolor","item","size_color"
"749","2113-1",15,"color31","size","color","othercolor","item","color"
"750","2113-1",16,"color31","size","color","othercolor","item","color"
"751","2113-1",17,"size31","size","color","othercolor","item","size_color"
"752","2113-1",19,"color31","size","color","othercolor","item","color"
"753","2113-1",23,"size31","size","color","othercolor","item","size_color"
"754","2113-1",26,"color31","size","color","othercolor","item","color"
"755","2113-1",28,"size31","size","color","othercolor","item","size_color"
"756","2113-1",29,"size31","size","color","othercolor","item","size_color"
"757","2113-1",30,"size31","size","color","othercolor","item","size_color"
"758","2113-1",31,"color31","size","color","othercolor","item","color"
"759","2113-1",32,"size31","size","color","othercolor","item","size"
"760","2113-1",34,"color31","size","color","othercolor","item","color"
"761","2113-1",35,"size31","size","color","othercolor","item","size_color"
"762","2113-1",36,"size31","size","color","othercolor","item","size_color"
"763","2113-1",40,"color31","size","color","othercolor","item","color"
"764","2113-1",43,"color31","size","color","othercolor","item","color"
"765","2113-1",45,"color31","size","color","othercolor","item","color"
"766","2113-1",46,"size31","size","color","othercolor","item","size_color"
"767","2113-1",47,"color31","size","color","othercolor","item","color"
"768","2113-1",48,"size31","size","color","othercolor","item","size_color"
"769","2113-1",52,"color31","size","color","othercolor","item","color"
"770","2113-1",53,"color31","size","color","othercolor","item","color"
"771","2113-1",56,"size31","size","color","othercolor","item","size_color"
"772","2113-1",58,"color31","size","color","othercolor","item","color"
"773","2113-1",59,"size31","size","color","othercolor","item","size_color"
"774","2113-1",60,"size31","size","color","othercolor","item","size_color"
"775","2436-e",6,"size31","size","color","othercolor","item","color"
"776","2436-e",9,"size31","size","color","othercolor","item","size"
"777","2436-e",10,"size31","size","color","othercolor","item","size_color"
"778","2436-e",11,"color31","size","color","othercolor","item","color"
"779","2436-e",12,"color31","size","color","othercolor","item","color"
"780","5231-f",6,"color31","size","color","othercolor","item","color"
"781","5231-f",9,"color31","size","color","othercolor","item","color"
"782","5231-f",10,"color31","size","color","othercolor","item","color"
"783","5231-f",15,"color31","size","color","othercolor","item","color"
"784","5231-f",17,"color31","size","color","othercolor","item","color"
"785","5231-f",22,"color31","size","color","othercolor","item","color"
"786","5231-f",23,"size31","size","color","othercolor","item","size"
"787","5231-f",27,"size31","size","color","othercolor","item","size"
"788","5231-f",29,"size31","size","color","othercolor","item","size"
"789","5231-f",30,"size31","size","color","othercolor","item","size"
"790","5231-f",31,"color31","size","color","othercolor","item","color"
"791","5231-f",32,"size31","size","color","othercolor","item","size"
"792","5231-f",33,"size31","size","color","othercolor","item","size"
"793","5231-f",34,"size31","size","color","othercolor","item","size"
"794","5231-f",36,"size31","size","color","othercolor","item","size"
"795","5231-f",37,"color31","size","color","othercolor","item","color"
"796","5231-f",40,"color31","size","color","othercolor","item","color"
"797","5231-f",41,"size31","size","color","othercolor","item","color"
"798","5231-f",42,"size31","size","color","othercolor","item","size"
"799","5231-f",43,"color31","size","color","othercolor","item","color"
"800","5231-f",46,"size31","size","color","othercolor","item","size"
"801","5231-f",48,"size31","size","color","othercolor","item","size"
"802","5231-f",50,"size31","size","color","othercolor","item","size"
"803","5231-f",51,"size31","size","color","othercolor","item","size"
"804","5231-f",52,"size31","size","color","othercolor","item","size"
"805","5231-f",55,"color31","size","color","othercolor","item","color"
"806","5231-f",56,"color31","size","color","othercolor","item","color"
"807","5231-f",57,"color31","size","color","othercolor","item","color"
"808","5231-f",59,"color31","size","color","othercolor","item","color"
"809","5231-f",60,"size31","size","color","othercolor","item","size"
"810","3281-6",7,"color31","size","color","othercolor","item","color"
"811","3281-6",8,"color31","size","color","othercolor","item","color"
"812","3281-6",10,"size31","size","color","othercolor","item","size"
"813","3281-6",11,"size31","size","color","othercolor","item","size_color"
"814","3281-6",13,"size31","size","color","othercolor","item","size_color"
"815","3281-6",16,"size31","size","color","othercolor","item","size_color"
"816","3281-6",19,"color31","size","color","othercolor","item","color"
"817","3281-6",20,"size31","size","color","othercolor","item","size_color"
"818","3281-6",22,"color31","size","color","othercolor","item","color"
"819","3281-6",25,"size31","size","color","othercolor","item","size_color"
"820","3281-6",26,"size31","size","color","othercolor","item","size_color"
"821","3281-6",27,"color31","size","color","othercolor","item","color"
"822","3281-6",28,"color31","size","color","othercolor","item","color"
"823","3281-6",30,"size31","size","color","othercolor","item","size_color"
"824","3281-6",34,"size31","size","color","othercolor","item","size_color"
"825","3281-6",37,"size31","size","color","othercolor","item","size_color"
"826","3281-6",38,"size31","size","color","othercolor","item","size_color"
"827","3281-6",39,"color31","size","color","othercolor","item","color"
"828","3281-6",40,"color31","size","color","othercolor","item","color"
"829","3281-6",41,"color31","size","color","othercolor","item","color"
"830","3281-6",43,"color31","size","color","othercolor","item","color"
"831","3281-6",44,"size31","size","color","othercolor","item","color"
"832","3281-6",47,"color31","size","color","othercolor","item","color"
"833","3281-6",48,"size31","size","color","othercolor","item","size_color"
"834","3281-6",49,"size31","size","color","othercolor","item","size_color"
"835","3281-6",50,"color31","size","color","othercolor","item","size_color"
"836","3281-6",51,"color31","size","color","othercolor","item","color"
"837","3281-6",53,"size31","size","color","othercolor","item","size_color"
"838","3281-6",55,"color31","size","color","othercolor","item","color"
"839","3281-6",60,"size31","size","color","othercolor","item","size_color"
"840","7030-e",9,"color31","size","color","othercolor","item","color"
"841","7030-e",10,"size31","size","color","othercolor","item","color"
"842","7030-e",11,"color31","size","color","othercolor","item","color"
"843","7030-e",12,"size31","size","color","othercolor","item","size_color"
"844","7030-e",14,"color31","size","color","othercolor","item","color"
"845","7030-e",17,"color31","size","color","othercolor","item","color"
"846","7030-e",18,"color31","size","color","othercolor","item","color"
"847","7030-e",21,"size31","size","color","othercolor","item","size_color"
"848","7030-e",22,"color31","size","color","othercolor","item","color"
"849","7030-e",23,"size31","size","color","othercolor","item","size_color"
"850","7030-e",26,"size31","size","color","othercolor","item","size_color"
"851","7030-e",28,"size31","size","color","othercolor","item","size_color"
"852","7030-e",30,"color31","size","color","othercolor","item","color"
"853","7030-e",32,"size31","size","color","othercolor","item","size_color"
"854","7030-e",35,"color31","size","color","othercolor","item","color"
"855","7030-e",36,"size31","size","color","othercolor","item","size_color"
"856","7030-e",37,"size31","size","color","othercolor","item","size_color"
"857","7030-e",43,"size31","size","color","othercolor","item","size_color"
"858","7030-e",45,"size31","size","color","othercolor","item","size_color"
"859","7030-e",46,"color31","size","color","othercolor","item","color"
"860","7030-e",50,"size31","size","color","othercolor","item","size_color"
"861","7030-e",51,"color31","size","color","othercolor","item","color"
"862","7030-e",52,"color31","size","color","othercolor","item","color"
"863","7030-e",54,"color31","size","color","othercolor","item","color"
"864","7030-e",55,"color31","size","color","othercolor","item","color"
"865","7030-e",57,"size31","size","color","othercolor","item","size_color"
"866","7030-e",60,"color31","size","color","othercolor","item","color"
"867","2341-8",6,"size31","size","color","othercolor","item","size_color"
"868","2341-8",10,"color31","size","color","othercolor","item","color"
"869","2341-8",11,"size31","size","color","othercolor","item","size"
"870","2341-8",12,"color31","size","color","othercolor","item","color"
"871","2341-8",15,"size31","size","color","othercolor","item","size_color"
"872","2341-8",18,"size31","size","color","othercolor","item","size_color"
"873","2341-8",19,"color31","size","color","othercolor","item","color"
"874","2341-8",20,"color31","size","color","othercolor","item","color"
"875","2341-8",22,"size31","size","color","othercolor","item","size"
"876","2341-8",23,"size31","size","color","othercolor","item","size_color"
"877","2341-8",24,"color31","size","color","othercolor","item","color"
"878","2341-8",27,"color31","size","color","othercolor","item","color"
"879","2341-8",28,"size31","size","color","othercolor","item","size_color"
"880","2341-8",29,"color31","size","color","othercolor","item","color"
"881","2341-8",31,"size31","size","color","othercolor","item","size_color"
"882","2341-8",32,"size31","size","color","othercolor","item","size"
"883","2341-8",35,"size31","size","color","othercolor","item","size_color"
"884","2341-8",41,"size31","size","color","othercolor","item","size_color"
"885","2341-8",44,"color31","size","color","othercolor","item","color"
"886","2341-8",45,"size31","size","color","othercolor","item","size_color"
"887","2341-8",50,"size31","size","color","othercolor","item","size_color"
"888","2341-8",51,"color31","size","color","othercolor","item","color"
"889","2341-8",53,"color31","size","color","othercolor","item","color"
"890","2341-8",57,"color31","size","color","othercolor","item","color"
"891","2341-8",58,"size31","size","color","othercolor","item","size_color"
"892","6460-8",6,"size31","size","color","othercolor","item","size"
"893","6460-8",7,"color31","size","color","othercolor","item","color"
"894","6460-8",10,"size31","size","color","othercolor","item","size"
"895","6460-8",11,"color31","size","color","othercolor","item","color"
"896","6460-8",14,"color31","size","color","othercolor","item","color"
"897","6460-8",15,"size31","size","color","othercolor","item","size"
"898","6460-8",18,"color31","size","color","othercolor","item","color"
"899","6460-8",20,"size31","size","color","othercolor","item","size_color"
"900","6460-8",21,"color31","size","color","othercolor","item","color"
"901","6460-8",22,"size31","size","color","othercolor","item","size"
"902","6460-8",23,"color31","size","color","othercolor","item","color"
"903","6460-8",26,"size31","size","color","othercolor","item","size"
"904","6460-8",28,"color31","size","color","othercolor","item","color"
"905","6460-8",31,"size31","size","color","othercolor","item","size"
"906","6460-8",35,"size31","size","color","othercolor","item","size"
"907","6460-8",37,"size31","size","color","othercolor","item","size"
"908","6460-8",39,"size31","size","color","othercolor","item","color"
"909","6460-8",40,"color31","size","color","othercolor","item","color"
"910","6460-8",41,"size31","size","color","othercolor","item","size"
"911","6460-8",43,"color31","size","color","othercolor","item","color"
"912","6460-8",44,"color31","size","color","othercolor","item","color"
"913","6460-8",45,"size31","size","color","othercolor","item","size"
"914","6460-8",48,"size31","size","color","othercolor","item","size_color"
"915","6460-8",49,"color31","size","color","othercolor","item","color"
"916","6460-8",50,"size31","size","color","othercolor","item","size"
"917","6460-8",52,"size31","size","color","othercolor","item","size"
"918","6460-8",54,"size31","size","color","othercolor","item","size"
"919","6460-8",56,"color31","size","color","othercolor","item","color"
"920","6460-8",58,"color31","size","color","othercolor","item","color"
"921","6460-8",59,"color31","size","color","othercolor","item","color"
"922","9834-2",6,"size31","size","color","othercolor","item","color"
"923","9834-2",7,"color31","size","color","othercolor","item","color"
"924","9834-2",9,"color31","size","color","othercolor","item","color"
"925","9834-2",15,"size31","size","color","othercolor","item","size_color"
"926","9834-2",17,"color31","size","color","othercolor","item","color"
"927","9834-2",19,"color31","size","color","othercolor","item","color"
"928","9834-2",21,"size31","size","color","othercolor","item","size_color"
"929","9834-2",22,"size31","size","color","othercolor","item","size_color"
"930","9834-2",23,"color31","size","color","othercolor","item","color"
"931","9834-2",25,"size31","size","color","othercolor","item","size_color"
"932","9834-2",27,"color31","size","color","othercolor","item","color"
"933","9834-2",28,"color31","size","color","othercolor","item","color"
"934","9834-2",29,"size31","size","color","othercolor","item","size_color"
"935","9834-2",30,"size31","size","color","othercolor","item","size_color"
"936","9834-2",31,"color31","size","color","othercolor","item","color"
"937","9834-2",35,"color31","size","color","othercolor","item","color"
"938","9834-2",36,"size31","size","color","othercolor","item","size_color"
"939","9834-2",37,"color31","size","color","othercolor","item","color"
"940","9834-2",45,"size31","size","color","othercolor","item","size_color"
"941","9834-2",46,"size31","size","color","othercolor","item","size_color"
"942","9834-2",48,"color31","size","color","othercolor","item","color"
"943","9834-2",50,"size31","size","color","othercolor","item","size_color"
"944","9834-2",51,"color31","size","color","othercolor","item","color"
"945","9834-2",53,"size31","size","color","othercolor","item","size_color"
"946","9834-2",55,"size31","size","color","othercolor","item","size_color"
"947","9834-2",56,"size31","size","color","othercolor","item","size_color"
"948","9834-2",57,"color31","size","color","othercolor","item","color"
"949","9834-2",58,"color31","size","color","othercolor","item","color"
"950","9834-2",59,"size31","size","color","othercolor","item","size_color"
"951","9834-2",60,"size31","size","color","othercolor","item","size_color"
"952","3157-3",6,"size31","size","color","othercolor","item","size_color"
"953","3157-3",13,"size31","size","color","othercolor","item","size_color"
"954","3157-3",14,"size31","size","color","othercolor","item","size_color"
"955","3157-3",17,"color31","size","color","othercolor","item","color"
"956","3157-3",18,"size31","size","color","othercolor","item","size_color"
"957","3157-3",19,"size31","size","color","othercolor","item","size_color"
"958","3157-3",21,"color31","size","color","othercolor","item","color"
"959","3157-3",22,"size31","size","color","othercolor","item","size_color"
"960","3157-3",24,"size31","size","color","othercolor","item","size_color"
"961","3157-3",25,"color31","size","color","othercolor","item","color"
"962","3157-3",26,"size31","size","color","othercolor","item","size_color"
"963","3157-3",27,"color31","size","color","othercolor","item","color"
"964","3157-3",30,"size31","size","color","othercolor","item","size_color"
"965","3157-3",31,"color31","size","color","othercolor","item","color"
"966","3157-3",32,"size31","size","color","othercolor","item","size"
"967","3157-3",33,"size31","size","color","othercolor","item","size_color"
"968","3157-3",36,"color31","size","color","othercolor","item","color"
"969","3157-3",40,"color31","size","color","othercolor","item","color"
"970","3157-3",41,"size31","size","color","othercolor","item","size_color"
"971","3157-3",42,"color31","size","color","othercolor","item","color"
"972","3157-3",43,"color31","size","color","othercolor","item","color"
"973","3157-3",46,"color31","size","color","othercolor","item","color"
"974","3157-3",48,"color31","size","color","othercolor","item","color"
"975","3157-3",50,"size31","size","color","othercolor","item","size_color"
"976","3157-3",57,"color31","size","color","othercolor","item","color"
"977","3157-3",58,"color31","size","color","othercolor","item","color"
"978","3157-3",59,"size31","size","color","othercolor","item","size_color"
"979","3157-3",60,"size31","size","color","othercolor","item","size_color"
"980","9706-e",8,"color31","size","color","othercolor","item","color"
"981","9706-e",9,"size31","size","color","othercolor","item","size"
"982","9706-e",11,"color31","size","color","othercolor","item","color"
"983","9706-e",13,"color31","size","color","othercolor","item","color"
"984","9706-e",14,"color31","size","color","othercolor","item","color"
"985","9706-e",16,"color31","size","color","othercolor","item","color"
"986","9706-e",18,"color31","size","color","othercolor","item","color"
"987","9706-e",20,"color31","size","color","othercolor","item","color"
"988","9706-e",23,"color31","size","color","othercolor","item","color"
"989","9706-e",25,"size31","size","color","othercolor","item","size"
"990","9706-e",28,"size31","size","color","othercolor","item","size"
"991","9706-e",30,"size31","size","color","othercolor","item","size"
"992","9706-e",32,"size31","size","color","othercolor","item","size"
"993","9706-e",35,"size31","size","color","othercolor","item","size"
"994","9706-e",36,"color31","size","color","othercolor","item","color"
"995","9706-e",39,"size31","size","color","othercolor","item","size"
"996","9706-e",41,"size31","size","color","othercolor","item","size"
"997","9706-e",42,"size31","size","color","othercolor","item","size"
"998","9706-e",44,"size31","size","color","othercolor","item","size"
"999","9706-e",45,"color31","size","color","othercolor","item","size"
"1000","9706-e",46,"color31","size","color","othercolor","item","color"
"1001","9706-e",50,"size31","size","color","othercolor","item","size"
"1002","9706-e",52,"size31","size","color","othercolor","item","size"
"1003","9706-e",53,"color31","size","color","othercolor","item","color"
"1004","9706-e",55,"color31","size","color","othercolor","item","color"
"1005","9706-e",57,"size31","size","color","othercolor","item","size"
"1006","9706-e",58,"color31","size","color","othercolor","item","color"
"1007","0363-a",6,"color31","size","color","othercolor","item","color"
"1008","0363-a",7,"color31","size","color","othercolor","item","color"
"1009","0363-a",8,"size31","size","color","othercolor","item","size_color"
"1010","0363-a",9,"color31","size","color","othercolor","item","color"
"1011","0363-a",10,"color31","size","color","othercolor","item","color"
"1012","0363-a",12,"size31","size","color","othercolor","item","size"
"1013","0363-a",13,"size31","size","color","othercolor","item","size"
"1014","0363-a",15,"color31","size","color","othercolor","item","color"
"1015","0363-a",17,"size31","size","color","othercolor","item","size"
"1016","0363-a",19,"color31","size","color","othercolor","item","color"
"1017","0363-a",20,"size31","size","color","othercolor","item","size"
"1018","0363-a",21,"size31","size","color","othercolor","item","size"
"1019","0363-a",22,"size31","size","color","othercolor","item","size"
"1020","0363-a",23,"color31","size","color","othercolor","item","color"
"1021","0363-a",27,"color31","size","color","othercolor","item","color"
"1022","0363-a",28,"size31","size","color","othercolor","item","size"
"1023","0363-a",29,"color31","size","color","othercolor","item","color"
"1024","0363-a",33,"size31","size","color","othercolor","item","size"
"1025","0363-a",35,"size31","size","color","othercolor","item","size"
"1026","0363-a",36,"color31","size","color","othercolor","item","color"
"1027","0363-a",42,"color31","size","color","othercolor","item","color"
"1028","0363-a",45,"color31","size","color","othercolor","item","color"
"1029","0363-a",46,"size31","size","color","othercolor","item","size"
"1030","0363-a",47,"color31","size","color","othercolor","item","color"
"1031","0363-a",52,"color31","size","color","othercolor","item","color"
"1032","0363-a",53,"size31","size","color","othercolor","item","size"
"1033","0363-a",57,"size31","size","color","othercolor","item","size"
"1034","0363-a",59,"size31","size","color","othercolor","item","size"
"1035","0363-a",60,"size31","size","color","othercolor","item","size"
"1036","4382-d",6,"size31","size","color","othercolor","item","size"
"1037","4382-d",7,"color31","size","color","othercolor","item","color"
"1038","4382-d",9,"color31","size","color","othercolor","item","color"
"1039","4382-d",10,"size31","size","color","othercolor","item","size"
"1040","4382-d",11,"color31","size","color","othercolor","item","color"
"1041","4382-d",13,"color31","size","color","othercolor","item","color"
"1042","4382-d",19,"size31","size","color","othercolor","item","size"
"1043","4382-d",20,"size31","size","color","othercolor","item","size"
"1044","4382-d",21,"color31","size","color","othercolor","item","color"
"1045","4382-d",22,"size31","size","color","othercolor","item","size"
"1046","4382-d",23,"size31","size","color","othercolor","item","size"
"1047","4382-d",24,"size31","size","color","othercolor","item","size"
"1048","4382-d",25,"color31","size","color","othercolor","item","color"
"1049","4382-d",27,"color31","size","color","othercolor","item","color"
"1050","4382-d",28,"size31","size","color","othercolor","item","size"
"1051","4382-d",29,"color31","size","color","othercolor","item","color"
"1052","4382-d",31,"color31","size","color","othercolor","item","color"
"1053","4382-d",32,"color31","size","color","othercolor","item","color"
"1054","4382-d",33,"size31","size","color","othercolor","item","color"
"1055","4382-d",36,"size31","size","color","othercolor","item","size"
"1056","4382-d",39,"color31","size","color","othercolor","item","color"
"1057","4382-d",41,"size31","size","color","othercolor","item","size"
"1058","4382-d",46,"size31","size","color","othercolor","item","size"
"1059","4382-d",49,"size31","size","color","othercolor","item","size"
"1060","4382-d",50,"size31","size","color","othercolor","item","size"
"1061","4382-d",53,"color31","size","color","othercolor","item","color"
"1062","4382-d",54,"size31","size","color","othercolor","item","size"
"1063","4382-d",56,"color31","size","color","othercolor","item","color"
"1064","4382-d",57,"size31","size","color","othercolor","item","size"
"1065","4382-d",60,"color31","size","color","othercolor","item","color"
